Organization ,pubs1990 ,pubs1991 ,pubs1992 ,pubs1993 ,pubs1994 ,pubs1995 ,pubs1996 ,pubs1997 ,pubs1998 ,pubs1999 ,pubs2000 ,pubs2001 ,pubs2002 ,pubs2003 ,pubs2004 ,pubs2005 ,pubs2006 ,pubs2007 ,pubs2008 ,pubs2009 ,pubs2010 ,pubs2011 ,pubs2012 ,pubs2013 ,pubs2014 ,pubs2015 ,pubs2016 ,pubs2017 ,pubs2018 
New York University (NYU),9 ,6 ,4 ,15 ,7 ,14 ,17 ,10 ,6 ,14 ,12 ,16 ,14 ,16 ,13 ,15 ,11 ,18 ,12 ,20 ,12 ,28 ,18 ,16 ,17 ,11 ,21 ,15 ,10 
"Chicago, U. of",14 ,11 ,12 ,5 ,10 ,9 ,7 ,11 ,14 ,6 ,15 ,10 ,15 ,8 ,7 ,14 ,14 ,9 ,14 ,21 ,20 ,13 ,19 ,16 ,17 ,15 ,15 ,13 ,13 
Harvard University - Cambridge,9 ,4 ,8 ,9 ,7 ,4 ,5 ,9 ,7 ,4 ,10 ,14 ,21 ,12 ,11 ,16 ,15 ,10 ,13 ,28 ,20 ,21 ,15 ,16 ,13 ,15 ,11 ,5 ,13 
"Pennsylvania, U. of (Wharton)",10 ,12 ,10 ,5 ,6 ,16 ,10 ,8 ,6 ,15 ,14 ,16 ,14 ,6 ,7 ,11 ,12 ,9 ,7 ,17 ,11 ,25 ,16 ,14 ,13 ,11 ,13 ,14 ,13 
"California, U. of - Los Angeles (UCLA)",4 ,10 ,9 ,8 ,4 ,5 ,5 ,9 ,4 ,3 ,7 ,14 ,8 ,7 ,13 ,10 ,5 ,7 ,8 ,15 ,9 ,9 ,4 ,9 ,7 ,8 ,4 ,9 ,9 
"Michigan, U. of - Ann Arbor",9 ,10 ,7 ,11 ,8 ,4 ,5 ,7 ,7 ,7 ,7 ,6 ,0,6 ,7 ,10 ,4 ,13 ,14 ,12 ,11 ,7 ,4 ,6 ,8 ,5 ,6 ,7 ,9 
Duke University,6 ,5 ,6 ,5 ,2 ,3 ,4 ,7 ,4 ,5 ,6 ,8 ,6 ,7 ,11 ,10 ,9 ,7 ,15 ,8 ,11 ,11 ,9 ,14 ,5 ,9 ,8 ,5 ,10 
Massachusetts Inst. of Tech. (MIT),6 ,7 ,5 ,2 ,3 ,6 ,1 ,1 ,4 ,6 ,11 ,5 ,10 ,7 ,6 ,5 ,8 ,10 ,7 ,5 ,7 ,16 ,11 ,11 ,13 ,9 ,10 ,14 ,10 
Columbia University - NY,4 ,5 ,5 ,4 ,6 ,5 ,4 ,4 ,8 ,4 ,6 ,10 ,6 ,4 ,6 ,6 ,4 ,7 ,11 ,8 ,9 ,16 ,11 ,10 ,11 ,8 ,12 ,9 ,7 
Ohio State University - Columbus,10 ,5 ,7 ,4 ,9 ,3 ,6 ,10 ,2 ,7 ,2 ,3 ,4 ,3 ,2 ,11 ,7 ,10 ,3 ,14 ,9 ,9 ,13 ,10 ,6 ,6 ,10 ,10 ,11 
Northwestern University,3 ,3 ,10 ,8 ,1 ,8 ,5 ,7 ,13 ,1 ,1 ,8 ,10 ,5 ,6 ,2 ,3 ,5 ,5 ,9 ,14 ,7 ,8 ,9 ,6 ,10 ,10 ,10 ,8 
Stanford University,5 ,5 ,3 ,0,0,3 ,8 ,6 ,2 ,6 ,11 ,3 ,9 ,5 ,6 ,8 ,2 ,11 ,8 ,7 ,18 ,8 ,7 ,6 ,10 ,8 ,7 ,14 ,8 
London Business School,0,3 ,0,1 ,4 ,1 ,3 ,3 ,3 ,7 ,3 ,6 ,7 ,5 ,5 ,11 ,6 ,8 ,5 ,9 ,8 ,6 ,12 ,12 ,10 ,5 ,4 ,8 ,7 
"North Carolina, U. of - Chapel Hill",0,4 ,0,1 ,3 ,1 ,4 ,3 ,2 ,7 ,3 ,9 ,7 ,10 ,3 ,6 ,2 ,9 ,2 ,5 ,9 ,10 ,9 ,13 ,8 ,11 ,5 ,8 ,8 
"California, U. of - Berkeley",2 ,0,0,1 ,4 ,7 ,3 ,4 ,3 ,2 ,4 ,2 ,2 ,3 ,4 ,7 ,3 ,9 ,6 ,14 ,9 ,9 ,7 ,10 ,9 ,8 ,10 ,9 ,4 
"Texas, U. of - Austin",3 ,1 ,1 ,0,1 ,1 ,2 ,10 ,1 ,4 ,2 ,5 ,4 ,9 ,5 ,4 ,6 ,13 ,7 ,11 ,8 ,5 ,12 ,8 ,5 ,8 ,8 ,5 ,6 
"Southern California, U. of (USC)",5 ,6 ,4 ,3 ,6 ,3 ,3 ,8 ,6 ,0,5 ,0,4 ,2 ,2 ,4 ,9 ,4 ,5 ,8 ,12 ,1 ,4 ,8 ,10 ,7 ,7 ,7 ,9 
Cornell University,2 ,6 ,1 ,3 ,3 ,4 ,5 ,3 ,5 ,4 ,7 ,1 ,6 ,3 ,7 ,6 ,3 ,4 ,6 ,10 ,8 ,7 ,5 ,6 ,2 ,6 ,5 ,11 ,8 
Boston College,6 ,2 ,6 ,2 ,5 ,4 ,2 ,3 ,2 ,3 ,3 ,2 ,5 ,3 ,3 ,3 ,7 ,2 ,4 ,13 ,9 ,8 ,3 ,3 ,6 ,4 ,14 ,5 ,6 
"Maryland, U. of - College Park",3 ,1 ,0,1 ,1 ,1 ,1 ,4 ,5 ,1 ,5 ,5 ,6 ,4 ,4 ,5 ,10 ,5 ,7 ,3 ,10 ,6 ,8 ,8 ,4 ,6 ,4 ,7 ,7 
"Illinois, U. of - Urbana/Champaign",3 ,3 ,4 ,6 ,1 ,5 ,2 ,2 ,4 ,4 ,3 ,5 ,3 ,3 ,7 ,3 ,4 ,6 ,5 ,4 ,4 ,8 ,2 ,5 ,5 ,5 ,10 ,5 ,9 
"Washington, U. of - Seattle",3 ,1 ,0,5 ,1 ,2 ,3 ,2 ,4 ,4 ,1 ,1 ,1 ,2 ,4 ,1 ,2 ,6 ,8 ,5 ,5 ,5 ,5 ,9 ,10 ,11 ,5 ,10 ,3 
Washington University - St. Louis,2 ,4 ,1 ,6 ,1 ,0,3 ,1 ,3 ,3 ,2 ,2 ,2 ,4 ,2 ,3 ,7 ,8 ,6 ,5 ,7 ,11 ,2 ,7 ,5 ,4 ,5 ,5 ,6 
Yale University,0,0,1 ,3 ,2 ,3 ,2 ,3 ,4 ,3 ,7 ,1 ,6 ,2 ,1 ,4 ,2 ,5 ,6 ,8 ,7 ,3 ,7 ,7 ,5 ,4 ,5 ,6 ,9 
Indiana University Bloomington,1 ,0,5 ,2 ,0,1 ,5 ,4 ,1 ,2 ,1 ,1 ,4 ,4 ,1 ,3 ,2 ,4 ,5 ,5 ,5 ,7 ,6 ,8 ,8 ,7 ,5 ,7 ,9 
Arizona State University,2 ,4 ,7 ,6 ,2 ,2 ,3 ,4 ,4 ,2 ,3 ,4 ,6 ,2 ,1 ,4 ,3 ,3 ,5 ,5 ,4 ,3 ,6 ,7 ,5 ,3 ,4 ,2 ,5 
"Rochester, U. of",5 ,2 ,6 ,7 ,3 ,7 ,2 ,7 ,1 ,8 ,3 ,4 ,2 ,4 ,3 ,3 ,2 ,2 ,1 ,2 ,2 ,8 ,8 ,3 ,5 ,1 ,2 ,4 ,1 
Hong Kong U. of Science & Tech. (HKUST),0,2 ,1 ,3 ,0,1 ,2 ,1 ,5 ,2 ,3 ,4 ,6 ,3 ,6 ,2 ,4 ,4 ,7 ,6 ,6 ,5 ,2 ,6 ,4 ,3 ,6 ,6 ,1 
London School of Economics,1 ,0,0,1 ,0,1 ,1 ,1 ,0,2 ,0,1 ,0,2 ,2 ,1 ,2 ,4 ,5 ,5 ,3 ,6 ,12 ,9 ,7 ,6 ,6 ,5 ,13 
Swiss Finance Institute,0,0,0,0,0,0,0,0,0,0,0,0,0,0,0,0,1 ,6 ,4 ,5 ,7 ,8 ,8 ,11 ,8 ,9 ,8 ,10 ,7 
"British Columbia, U. of",7 ,2 ,4 ,6 ,2 ,4 ,2 ,2 ,2 ,3 ,0,0,0,3 ,3 ,3 ,3 ,6 ,4 ,2 ,4 ,5 ,2 ,4 ,2 ,4 ,2 ,5 ,5 
"Toronto, University of",1 ,0,1 ,1 ,0,0,1 ,0,0,4 ,1 ,1 ,1 ,3 ,4 ,1 ,1 ,9 ,2 ,5 ,4 ,2 ,7 ,12 ,5 ,8 ,2 ,10 ,4 
Princeton University,1 ,1 ,2 ,3 ,1 ,1 ,1 ,1 ,0,1 ,0,4 ,4 ,2 ,6 ,5 ,4 ,4 ,4 ,3 ,3 ,3 ,7 ,5 ,4 ,6 ,5 ,6 ,2 
Purdue University,2 ,5 ,2 ,0,2 ,4 ,2 ,4 ,3 ,2 ,3 ,2 ,2 ,5 ,4 ,1 ,4 ,2 ,3 ,4 ,5 ,4 ,2 ,6 ,4 ,2 ,3 ,3 ,3 
"Utah, University of",0,3 ,0,2 ,2 ,1 ,5 ,2 ,2 ,0,0,1 ,5 ,5 ,4 ,2 ,4 ,5 ,6 ,7 ,5 ,2 ,3 ,3 ,3 ,6 ,3 ,2 ,5 
Emory University,1 ,0,1 ,0,1 ,0,0,2 ,0,2 ,1 ,6 ,5 ,2 ,8 ,5 ,9 ,3 ,4 ,7 ,4 ,2 ,2 ,6 ,2 ,2 ,3 ,4 ,4 
"Minnesota, U. of - Minneapolis",0,1 ,2 ,3 ,1 ,1 ,3 ,0,3 ,1 ,3 ,1 ,2 ,3 ,3 ,3 ,1 ,5 ,3 ,2 ,3 ,2 ,6 ,9 ,4 ,7 ,3 ,6 ,5 
"Notre Dame, University of",1 ,0,1 ,0,2 ,1 ,0,3 ,1 ,4 ,4 ,3 ,6 ,2 ,2 ,5 ,3 ,1 ,2 ,4 ,1 ,5 ,6 ,6 ,4 ,3 ,3 ,5 ,7 
Carnegie Mellon University,1 ,3 ,4 ,4 ,1 ,2 ,2 ,4 ,2 ,4 ,1 ,6 ,1 ,3 ,3 ,2 ,1 ,3 ,0,1 ,7 ,1 ,2 ,3 ,2 ,3 ,4 ,8 ,3 
INSEAD,1 ,1 ,1 ,0,1 ,2 ,0,0,2 ,2 ,1 ,3 ,3 ,1 ,3 ,5 ,3 ,2 ,6 ,6 ,6 ,3 ,3 ,6 ,6 ,5 ,2 ,4 ,3 
Tilburg University,0,0,0,0,0,0,1 ,0,1 ,0,1 ,2 ,0,2 ,1 ,3 ,1 ,1 ,6 ,5 ,7 ,9 ,6 ,9 ,3 ,2 ,8 ,5 ,5 
Dartmouth College,1 ,1 ,1 ,1 ,0,1 ,1 ,0,1 ,4 ,3 ,3 ,3 ,4 ,2 ,1 ,7 ,2 ,6 ,2 ,4 ,4 ,1 ,1 ,3 ,6 ,5 ,4 ,5 
"Virginia, University of",1 ,2 ,0,0,3 ,0,1 ,1 ,2 ,1 ,2 ,3 ,3 ,4 ,2 ,2 ,3 ,3 ,5 ,7 ,4 ,3 ,4 ,3 ,3 ,2 ,5 ,3 ,4 
"Florida, U. of - Gainesville",2 ,4 ,1 ,2 ,2 ,2 ,4 ,4 ,1 ,2 ,5 ,2 ,4 ,2 ,1 ,2 ,2 ,4 ,1 ,0,6 ,5 ,4 ,2 ,1 ,1 ,3 ,1 ,2 
"Georgia, U. of - Athens",3 ,4 ,2 ,2 ,2 ,2 ,0,0,3 ,3 ,1 ,2 ,3 ,4 ,4 ,0,4 ,3 ,3 ,4 ,1 ,3 ,7 ,3 ,0,1 ,3 ,2 ,1 
Michigan State University,0,0,0,1 ,2 ,2 ,2 ,1 ,1 ,3 ,1 ,1 ,5 ,1 ,4 ,1 ,2 ,4 ,4 ,4 ,3 ,4 ,2 ,5 ,2 ,4 ,4 ,1 ,5 
Pennsylvania State University,1 ,1 ,1 ,2 ,2 ,0,3 ,3 ,4 ,5 ,3 ,1 ,3 ,2 ,6 ,1 ,0,8 ,2 ,1 ,4 ,1 ,0,4 ,1 ,4 ,1 ,4 ,1 
"Oxford, University of - U.K.",0,0,0,0,0,0,1 ,0,0,0,0,2 ,2 ,5 ,1 ,2 ,1 ,0,3 ,9 ,3 ,1 ,6 ,6 ,5 ,4 ,6 ,2 ,8 
Southern Methodist University,5 ,1 ,1 ,2 ,1 ,1 ,2 ,1 ,3 ,2 ,1 ,3 ,1 ,2 ,3 ,2 ,2 ,1 ,2 ,4 ,2 ,2 ,5 ,2 ,5 ,3 ,2 ,2 ,3 
Stockholm School of Economics,0,0,0,0,0,1 ,0,1 ,1 ,0,1 ,0,1 ,1 ,0,1 ,2 ,3 ,1 ,5 ,3 ,4 ,2 ,3 ,6 ,5 ,5 ,7 ,8 
Georgetown University,1 ,1 ,1 ,0,0,0,1 ,1 ,1 ,3 ,3 ,2 ,5 ,4 ,2 ,0,1 ,1 ,2 ,3 ,4 ,4 ,2 ,1 ,3 ,4 ,5 ,2 ,3 
HEC Paris,0,1 ,0,1 ,0,1 ,0,0,1 ,0,1 ,2 ,0,1 ,0,2 ,1 ,4 ,4 ,4 ,4 ,3 ,5 ,3 ,5 ,4 ,0,7 ,5 
Rice University,0,0,0,0,1 ,2 ,0,0,2 ,0,2 ,2 ,2 ,2 ,3 ,1 ,4 ,2 ,6 ,3 ,3 ,4 ,5 ,1 ,2 ,4 ,1 ,2 ,4 
"Wisconsin, U. of - Madison",1 ,1 ,3 ,2 ,5 ,1 ,1 ,1 ,1 ,1 ,2 ,2 ,0,0,5 ,3 ,4 ,3 ,2 ,1 ,3 ,3 ,1 ,0,0,1 ,1 ,8 ,2 
"California, U. of - Irvine",0,3 ,0,5 ,1 ,3 ,1 ,0,1 ,1 ,0,2 ,1 ,0,2 ,2 ,2 ,2 ,2 ,3 ,4 ,5 ,6 ,1 ,4 ,0,1 ,2 ,3 
Vanderbilt University - Nashville,3 ,2 ,2 ,0,4 ,0,2 ,3 ,2 ,5 ,3 ,2 ,1 ,0,2 ,3 ,1 ,1 ,2 ,5 ,2 ,1 ,4 ,2 ,1 ,3 ,1 ,0,0
"Iowa, University of",1 ,2 ,1 ,1 ,1 ,2 ,4 ,5 ,0,3 ,0,2 ,0,2 ,2 ,0,3 ,4 ,0,2 ,3 ,5 ,3 ,3 ,2 ,1 ,1 ,2 ,0
"Texas, U. of - Dallas",0,0,0,0,0,0,0,2 ,2 ,0,0,2 ,0,1 ,1 ,1 ,3 ,3 ,2 ,5 ,1 ,4 ,5 ,4 ,7 ,3 ,4 ,3 ,2 
"Arizona, University of",0,1 ,0,0,0,2 ,2 ,2 ,3 ,1 ,1 ,3 ,2 ,3 ,2 ,1 ,3 ,2 ,3 ,5 ,1 ,1 ,2 ,2 ,2 ,0,1 ,5 ,2 
"Houston, U. of - Houston",0,1 ,1 ,1 ,2 ,0,2 ,1 ,1 ,1 ,2 ,0,1 ,0,2 ,0,1 ,3 ,2 ,1 ,8 ,2 ,4 ,5 ,1 ,1 ,4 ,0,5 
Rutgers University,0,1 ,1 ,1 ,0,1 ,1 ,3 ,1 ,1 ,2 ,0,3 ,3 ,1 ,0,3 ,3 ,2 ,7 ,1 ,0,1 ,1 ,5 ,2 ,3 ,2 ,3 
McGill University,0,0,0,0,1 ,1 ,1 ,1 ,0,3 ,1 ,1 ,1 ,3 ,3 ,1 ,2 ,3 ,2 ,5 ,4 ,2 ,3 ,3 ,1 ,3 ,1 ,2 ,3 
Baruch College (CUNY),1 ,3 ,1 ,1 ,1 ,0,0,0,3 ,0,1 ,1 ,0,5 ,3 ,3 ,0,2 ,5 ,2 ,0,8 ,3 ,0,3 ,0,2 ,1 ,1 
"California, U. of - San Diego",2 ,0,0,1 ,2 ,1 ,0,0,0,1 ,2 ,0,0,0,0,0,1 ,3 ,4 ,1 ,4 ,2 ,4 ,6 ,3 ,5 ,1 ,2 ,4 
Tulane University,1 ,1 ,1 ,0,0,1 ,0,1 ,1 ,4 ,3 ,5 ,3 ,3 ,2 ,3 ,1 ,1 ,0,2 ,1 ,2 ,1 ,1 ,2 ,1 ,1 ,5 ,2 
Georgia State University,0,1 ,0,0,1 ,3 ,2 ,2 ,0,1 ,0,0,3 ,2 ,3 ,0,2 ,3 ,0,2 ,3 ,2 ,2 ,3 ,2 ,1 ,2 ,6 ,2 
Virginia Tech,4 ,0,3 ,1 ,4 ,1 ,0,2 ,2 ,2 ,2 ,3 ,1 ,2 ,3 ,2 ,1 ,1 ,1 ,0,2 ,1 ,2 ,0,1 ,1 ,4 ,0,2 
Texas A&M University,0,1 ,2 ,0,0,1 ,0,0,0,1 ,0,0,2 ,0,0,2 ,3 ,4 ,5 ,4 ,4 ,1 ,1 ,1 ,0,4 ,4 ,3 ,4 
Boston University,0,0,1 ,0,1 ,0,0,0,0,0,1 ,0,1 ,3 ,1 ,2 ,2 ,1 ,3 ,2 ,4 ,3 ,4 ,4 ,0,5 ,0,0,8 
"Hong Kong, U. of",0,0,0,0,0,0,1 ,1 ,0,0,0,0,0,0,1 ,0,1 ,1 ,0,1 ,2 ,0,3 ,9 ,4 ,4 ,8 ,4 ,5 
"California, U. of - Davis",0,0,2 ,0,0,0,1 ,2 ,4 ,1 ,3 ,2 ,2 ,0,0,0,1 ,3 ,1 ,3 ,2 ,2 ,3 ,5 ,2 ,1 ,3 ,1 ,0
Singapore Management University,0,0,0,0,0,0,0,0,0,0,0,0,0,0,2 ,2 ,2 ,3 ,1 ,8 ,0,5 ,1 ,3 ,2 ,4 ,4 ,3 ,4 
Chinese University (Hong Kong),0,0,0,0,0,1 ,2 ,1 ,1 ,0,2 ,0,4 ,0,0,0,0,3 ,0,2 ,0,7 ,3 ,2 ,2 ,2 ,2 ,2 ,6 
Tel Aviv University,3 ,3 ,2 ,2 ,0,2 ,3 ,1 ,1 ,4 ,3 ,0,1 ,1 ,1 ,2 ,0,1 ,0,1 ,2 ,1 ,1 ,2 ,2 ,1 ,0,1 ,1 
"City, University of London (Cass Business School) ",0,0,0,0,0,2 ,1 ,0,0,0,1 ,0,1 ,0,0,1 ,0,0,1 ,0,0,3 ,4 ,4 ,5 ,7 ,5 ,4 ,2 
"Oregon, U. of - Eugene",1 ,0,1 ,0,0,0,1 ,2 ,2 ,2 ,2 ,1 ,1 ,3 ,2 ,0,1 ,0,2 ,3 ,2 ,0,2 ,1 ,1 ,1 ,4 ,3 ,2 
"Erasmus, U. of - Rotterdamn (EUR)",0,0,1 ,0,0,0,0,0,0,1 ,1 ,2 ,0,1 ,0,1 ,1 ,1 ,0,0,3 ,3 ,2 ,1 ,6 ,1 ,3 ,3 ,8 
Copenhagen Business School,0,0,0,0,0,0,0,0,0,0,0,0,0,0,0,0,1 ,0,1 ,2 ,1 ,2 ,5 ,7 ,2 ,3 ,4 ,2 ,8 
Ecole Polytechique Federale de Lausanne,0,0,0,0,0,0,0,0,0,0,0,0,0,0,0,0,0,0,0,1 ,3 ,4 ,4 ,5 ,1 ,6 ,4 ,7 ,3 
Nanyang Technological University,0,0,0,0,0,0,0,0,0,0,0,0,0,2 ,0,0,0,1 ,2 ,3 ,5 ,2 ,4 ,3 ,1 ,4 ,3 ,1 ,7 
Louisiana State University,4 ,3 ,1 ,3 ,0,2 ,0,1 ,1 ,1 ,3 ,0,2 ,2 ,1 ,1 ,2 ,1 ,0,4 ,2 ,1 ,1 ,0,0,0,1 ,0,0
"Georgia Institute of Tech., Atlanta",1 ,0,0,0,0,0,1 ,0,0,1 ,0,1 ,1 ,1 ,1 ,1 ,2 ,3 ,1 ,1 ,2 ,4 ,2 ,2 ,7 ,1 ,1 ,1 ,1 
"Alberta, University of (Canada)",1 ,0,0,0,0,0,1 ,1 ,0,3 ,3 ,1 ,0,2 ,3 ,0,0,0,4 ,2 ,1 ,2 ,2 ,2 ,2 ,2 ,1 ,1 ,1 
"Amsterdam, U. of (Netherlands)",0,0,0,1 ,1 ,0,0,2 ,0,0,1 ,1 ,1 ,1 ,0,3 ,3 ,1 ,2 ,2 ,2 ,4 ,1 ,1 ,2 ,2 ,1 ,0,3 
Bocconi University,0,0,0,1 ,0,0,0,0,0,0,1 ,0,0,0,0,0,0,0,1 ,0,1 ,0,3 ,10 ,2 ,4 ,2 ,5 ,5 
National University of Singapore,0,1 ,0,0,2 ,0,0,0,1 ,0,0,0,0,1 ,1 ,0,3 ,2 ,1 ,2 ,3 ,3 ,1 ,3 ,1 ,5 ,1 ,0,4 
Fordham University,0,0,0,0,0,3 ,2 ,0,0,0,0,2 ,0,4 ,2 ,0,0,0,0,1 ,3 ,3 ,3 ,0,4 ,2 ,3 ,1 ,1 
"New South Wales, U. of",0,0,0,0,0,0,0,1 ,0,1 ,0,0,0,0,0,0,1 ,0,0,0,1 ,3 ,1 ,3 ,3 ,11 ,1 ,1 ,7 
"Pittsburgh, University of",1 ,1 ,2 ,0,0,2 ,0,1 ,1 ,2 ,0,0,4 ,2 ,2 ,1 ,2 ,1 ,1 ,0,0,1 ,1 ,0,3 ,2 ,1 ,1 ,2 
"South Carolina, University of",1 ,0,1 ,0,1 ,0,0,0,1 ,0,0,0,1 ,0,5 ,1 ,0,4 ,3 ,3 ,0,4 ,1 ,2 ,0,0,3 ,2 ,1 
Tsinghua University,0,0,0,0,0,0,0,0,0,0,0,0,0,0,1 ,1 ,0,0,3 ,1 ,1 ,2 ,1 ,0,5 ,6 ,5 ,5 ,1 
"Colorado, U. of - Boulder",0,1 ,0,0,2 ,0,0,2 ,0,3 ,2 ,0,0,0,1 ,3 ,1 ,1 ,2 ,2 ,0,0,0,1 ,1 ,0,1 ,4 ,3 
"Melbourne, University of ",0,0,0,0,0,0,0,0,0,0,0,1 ,0,0,0,0,1 ,0,1 ,0,1 ,3 ,5 ,1 ,1 ,3 ,6 ,4 ,3 
"Miami, U. of - Miami",0,0,1 ,0,0,0,1 ,0,2 ,0,0,2 ,1 ,1 ,1 ,2 ,1 ,1 ,1 ,1 ,2 ,3 ,0,2 ,1 ,3 ,3 ,1 ,0
"Oklahoma, University of",1 ,2 ,1 ,2 ,1 ,0,1 ,0,0,2 ,0,0,0,0,1 ,1 ,2 ,0,1 ,0,2 ,2 ,2 ,1 ,2 ,2 ,2 ,2 ,0
Brigham Young University,0,1 ,0,1 ,0,0,1 ,0,0,0,0,0,1 ,3 ,1 ,0,4 ,2 ,0,1 ,2 ,2 ,1 ,3 ,2 ,0,2 ,2 ,0
"Lausanne, University of",0,0,0,0,0,0,0,0,1 ,0,0,0,0,0,2 ,1 ,2 ,4 ,3 ,3 ,2 ,1 ,2 ,1 ,2 ,1 ,0,2 ,2 
"Mannheim, Universitat",0,0,0,1 ,0,0,0,0,0,1 ,0,0,0,0,0,0,0,1 ,0,0,3 ,2 ,1 ,1 ,4 ,1 ,6 ,4 ,4 
City University (Hong Kong),0,0,0,0,0,0,1 ,1 ,0,0,0,1 ,0,0,0,0,0,2 ,0,2 ,2 ,6 ,1 ,3 ,3 ,2 ,2 ,1 ,1 
Case Western Reserve University,1 ,0,0,0,1 ,2 ,0,1 ,0,1 ,2 ,0,0,2 ,2 ,3 ,2 ,0,1 ,4 ,1 ,1 ,1 ,1 ,0,1 ,0,0,0
Imperial College,0,0,0,0,0,0,0,0,0,0,0,0,0,0,0,0,2 ,0,1 ,0,3 ,1 ,3 ,0,7 ,4 ,3 ,2 ,1 
"Delaware, U. of - Newark",3 ,0,0,0,0,0,0,0,0,0,0,0,3 ,3 ,2 ,1 ,0,2 ,2 ,1 ,1 ,2 ,0,1 ,0,0,0,4 ,1 
Drexel University,0,0,2 ,0,0,0,0,0,0,0,0,0,1 ,0,1 ,0,1 ,2 ,4 ,2 ,1 ,3 ,0,0,3 ,4 ,0,0,2 
"Missouri, U. of - Columbia",0,1 ,0,0,0,1 ,0,1 ,1 ,2 ,1 ,1 ,1 ,1 ,0,1 ,0,3 ,1 ,2 ,1 ,1 ,0,0,2 ,0,1 ,3 ,1 
Hebrew University (Israel),0,1 ,1 ,0,0,1 ,1 ,0,1 ,3 ,0,0,0,0,2 ,2 ,1 ,0,2 ,0,3 ,3 ,0,2 ,1 ,0,0,0,1 
Nova School of Business and Economics,0,0,0,0,0,0,0,0,0,0,0,0,0,0,0,1 ,0,0,0,1 ,1 ,3 ,2 ,2 ,2 ,1 ,4 ,3 ,5 
State U. of New York (SUNY) - Buffalo,2 ,0,0,0,1 ,0,0,0,2 ,2 ,0,0,0,2 ,1 ,1 ,0,0,0,1 ,0,2 ,0,1 ,4 ,4 ,0,1 ,1 
Korea University,0,1 ,0,0,0,0,1 ,2 ,1 ,0,0,0,3 ,2 ,2 ,0,0,1 ,2 ,1 ,1 ,1 ,2 ,0,1 ,0,1 ,1 ,1 
Northeastern University,0,2 ,0,0,1 ,0,0,1 ,0,0,0,0,0,0,1 ,2 ,0,1 ,0,1 ,1 ,2 ,0,2 ,0,2 ,1 ,5 ,1 
Universitat Pompeu Fabra ,0,0,0,0,0,0,0,0,0,0,0,0,0,0,0,1 ,2 ,3 ,0,0,1 ,1 ,3 ,3 ,3 ,0,4 ,1 ,1 
"Kentucky, U. of - Lexington",0,0,0,0,0,0,0,2 ,0,0,1 ,0,0,1 ,0,1 ,0,0,1 ,0,1 ,3 ,1 ,2 ,2 ,2 ,0,2 ,3 
DePaul University,1 ,1 ,1 ,0,1 ,0,0,0,0,0,0,0,0,0,0,0,0,0,1 ,2 ,4 ,2 ,0,0,0,2 ,3 ,3 ,0
George Mason University,0,0,0,1 ,0,1 ,0,1 ,0,1 ,1 ,0,0,0,1 ,1 ,0,2 ,1 ,3 ,2 ,0,0,2 ,0,0,1 ,1 ,2 
Temple University,1 ,0,1 ,1 ,0,0,0,0,0,0,0,0,0,1 ,0,0,0,0,3 ,1 ,0,0,1 ,3 ,4 ,1 ,0,1 ,3 
"Warwick, U. of - U.K.",0,0,0,0,0,0,0,1 ,0,0,1 ,0,0,0,0,0,1 ,0,1 ,1 ,0,1 ,4 ,1 ,4 ,1 ,0,2 ,3 
California Inst. Of Technology,0,1 ,0,0,1 ,1 ,0,0,1 ,1 ,0,1 ,0,0,0,0,1 ,0,1 ,0,3 ,1 ,0,1 ,1 ,2 ,1 ,0,3 
Santa Clara University,0,0,1 ,0,0,1 ,0,3 ,2 ,1 ,0,0,2 ,0,1 ,0,1 ,2 ,2 ,0,0,1 ,1 ,0,1 ,0,1 ,0,0
"California, U. of - Riverside",0,1 ,1 ,1 ,1 ,0,2 ,1 ,1 ,1 ,2 ,1 ,1 ,0,0,0,0,0,0,1 ,0,1 ,0,0,0,2 ,1 ,0,1 
"Connecticut, University of",2 ,0,0,0,1 ,1 ,0,0,0,1 ,0,0,0,1 ,1 ,0,0,1 ,1 ,1 ,0,0,0,0,0,0,4 ,4 ,1 
Iowa State University,1 ,1 ,1 ,0,2 ,0,0,1 ,1 ,2 ,0,0,1 ,0,1 ,0,0,0,1 ,1 ,0,1 ,0,1 ,0,1 ,1 ,1 ,1 
York University - Toronto,0,0,0,0,0,0,0,0,0,0,2 ,0,1 ,0,0,2 ,1 ,0,2 ,2 ,1 ,3 ,3 ,2 ,0,0,0,0,0
Clemson University,1 ,0,1 ,1 ,1 ,0,2 ,1 ,0,1 ,0,1 ,1 ,1 ,0,0,1 ,0,2 ,1 ,0,0,0,0,0,2 ,0,1 ,0
George Washington University,0,0,0,0,0,0,0,0,0,0,0,0,0,0,0,1 ,0,1 ,2 ,2 ,2 ,1 ,0,2 ,0,1 ,1 ,2 ,3 
Hong Kong Poly Tech.,0,0,0,0,0,0,1 ,0,0,0,1 ,1 ,0,3 ,0,0,0,1 ,0,0,2 ,0,1 ,2 ,2 ,0,1 ,2 ,1 
American University,0,1 ,0,0,0,0,0,0,0,0,0,0,0,3 ,1 ,0,1 ,1 ,2 ,2 ,1 ,0,1 ,1 ,0,0,1 ,1 ,1 
EDHEC Business School,0,0,0,0,0,0,0,0,0,0,0,0,0,0,0,0,0,0,2 ,0,2 ,1 ,1 ,4 ,2 ,0,2 ,3 ,0
"Massachusetts, U. of - Amherst",0,0,1 ,1 ,1 ,0,0,0,0,1 ,0,0,0,2 ,0,1 ,0,1 ,1 ,1 ,1 ,0,3 ,1 ,0,0,0,0,2 
"Queen's University - Kingston, Ontario, Canada",0,0,1 ,1 ,0,1 ,0,1 ,0,0,0,0,0,1 ,0,0,0,1 ,1 ,0,1 ,1 ,3 ,0,0,1 ,1 ,1 ,2 
"Tennessee, U. of - Knoxville",1 ,0,0,1 ,0,0,0,0,0,0,0,0,0,0,0,0,0,0,1 ,1 ,0,1 ,1 ,3 ,0,3 ,1 ,3 ,1 
"Toulouse, Universite de",0,0,0,0,1 ,1 ,0,1 ,0,1 ,0,0,1 ,1 ,0,0,0,2 ,0,0,2 ,2 ,0,2 ,0,2 ,0,1 ,0
"Cincinnati, University of",0,0,0,0,0,1 ,0,0,0,0,2 ,0,2 ,2 ,2 ,0,1 ,0,1 ,1 ,0,1 ,0,1 ,0,1 ,1 ,0,0
"Geneva, University of",0,0,0,0,0,0,0,0,0,0,0,0,0,0,0,0,0,2 ,0,0,2 ,1 ,1 ,3 ,0,3 ,1 ,1 ,2 
"Manchester, University of (England)",0,0,0,0,0,0,0,0,0,0,0,0,0,1 ,1 ,1 ,2 ,1 ,1 ,1 ,1 ,2 ,0,0,1 ,1 ,0,1 ,2 
Norwegian School of Management,0,0,0,0,0,0,0,3 ,1 ,1 ,0,0,0,1 ,0,1 ,1 ,2 ,1 ,2 ,1 ,2 ,0,0,0,0,0,0,0
"South Florida, University of",0,0,0,1 ,1 ,0,0,0,0,0,0,0,1 ,1 ,0,1 ,0,2 ,2 ,0,2 ,1 ,1 ,0,1 ,0,1 ,1 ,0
University of Lugano,0,0,0,0,0,0,0,0,0,0,0,0,0,0,0,0,0,1 ,1 ,2 ,2 ,0,2 ,2 ,2 ,1 ,2 ,1 ,0
"Goethe University, Frankfurt",0,0,0,0,0,0,0,0,0,0,0,0,0,0,0,0,0,0,0,1 ,2 ,0,2 ,0,1 ,1 ,6 ,1 ,1 
"Illinois, U. of - Chicago",0,0,0,0,1 ,0,0,0,0,0,0,1 ,2 ,1 ,0,1 ,1 ,1 ,0,0,0,0,1 ,0,0,1 ,2 ,2 ,1 
Johns Hopkins University,0,0,0,1 ,0,0,0,0,0,0,0,1 ,1 ,0,0,0,0,0,1 ,0,0,2 ,0,1 ,0,1 ,1 ,3 ,3 
Lancaster University (England),1 ,0,0,0,0,1 ,0,1 ,0,0,0,0,0,1 ,2 ,1 ,0,2 ,2 ,0,1 ,0,1 ,0,0,0,0,1 ,1 
Texas Christian University,1 ,2 ,0,0,0,0,2 ,0,0,0,0,0,0,2 ,2 ,1 ,0,1 ,0,1 ,1 ,1 ,1 ,0,0,0,0,0,0
Western University ,0,0,0,2 ,2 ,0,0,0,0,1 ,2 ,1 ,0,0,0,0,1 ,1 ,1 ,0,0,0,0,0,1 ,0,2 ,1 ,0
"Zurich, U. of",0,0,0,0,0,0,0,0,0,0,0,0,0,0,0,0,0,1 ,1 ,0,0,3 ,0,1 ,3 ,2 ,1 ,2 ,1 
"Alabama, University of - Tuscaloosa",1 ,0,0,1 ,0,0,0,0,1 ,0,0,0,0,2 ,1 ,0,1 ,0,0,0,0,1 ,0,1 ,2 ,2 ,0,0,1 
"Kansas, U. of - Lawrence",0,0,0,0,0,0,0,1 ,0,0,0,0,0,0,0,0,0,3 ,1 ,1 ,0,1 ,3 ,0,1 ,2 ,0,0,1 
Shanghai Jiao Tong University (2),0,0,0,0,0,0,0,0,0,0,0,0,0,0,0,0,0,0,0,0,0,1 ,0,0,2 ,6 ,1 ,4 ,0
Syracuse University,0,0,0,1 ,0,0,0,0,0,0,0,0,0,1 ,1 ,1 ,0,0,1 ,0,0,1 ,2 ,2 ,1 ,2 ,1 ,0,0
Washington State University,0,1 ,0,1 ,0,0,0,2 ,0,1 ,0,0,0,3 ,1 ,0,0,1 ,0,2 ,1 ,0,0,0,0,0,0,1 ,0
Aalto University,0,0,0,0,0,0,0,0,0,0,0,0,0,0,0,0,0,0,0,0,0,3 ,3 ,0,1 ,1 ,1 ,1 ,3 
Babson College,0,0,0,0,0,0,0,0,1 ,0,0,1 ,1 ,1 ,1 ,1 ,0,1 ,0,1 ,1 ,0,0,0,1 ,0,2 ,1 ,0
Bentley College,1 ,0,0,0,0,0,0,1 ,0,1 ,1 ,1 ,0,0,1 ,2 ,0,1 ,0,1 ,0,3 ,0,0,0,0,0,0,0
ESSEC (Grad Business School),0,0,0,0,0,0,0,1 ,1 ,0,1 ,2 ,0,0,0,1 ,1 ,1 ,1 ,0,0,0,0,0,0,2 ,0,1 ,1 
IDC,0,0,0,0,0,0,0,0,0,0,0,1 ,4 ,1 ,2 ,1 ,0,0,1 ,0,0,0,1 ,0,0,0,0,1 ,1 
"St. Gallen, University of",0,0,0,0,0,0,0,0,0,0,0,0,0,0,0,0,0,0,1 ,1 ,1 ,0,0,3 ,1 ,1 ,1 ,3 ,1 
"Auckland, U. of (New Zealand)",0,0,0,0,1 ,0,1 ,1 ,1 ,1 ,2 ,0,0,0,0,1 ,0,0,0,1 ,0,1 ,1 ,0,1 ,0,0,0,0
Barcelona Graduate School of Economics,0,0,0,0,0,0,0,0,0,0,0,0,0,0,0,0,0,0,0,0,0,0,1 ,2 ,3 ,0,4 ,1 ,1 
Brown University,0,1 ,0,1 ,0,0,0,0,1 ,0,0,0,0,0,0,1 ,1 ,2 ,3 ,1 ,1 ,0,0,0,0,0,0,0,0
California State U. - Fullerton,2 ,0,0,0,0,0,0,2 ,1 ,0,0,1 ,1 ,0,0,0,0,1 ,0,0,0,2 ,0,0,1 ,0,1 ,0,0
Cheung Kong Graduate School of Business,0,0,0,0,0,0,0,0,0,0,0,0,0,0,0,1 ,0,0,0,1 ,0,2 ,1 ,3 ,1 ,1 ,0,1 ,1 
Norwegian School of Economics (NHH),0,0,0,0,0,0,0,1 ,1 ,0,0,0,0,0,0,1 ,1 ,0,0,1 ,0,0,0,0,1 ,0,2 ,1 ,3 
Peking University,0,0,0,0,0,0,0,0,0,0,0,0,0,0,1 ,2 ,0,0,0,2 ,1 ,0,0,1 ,0,0,0,3 ,2 
Shanghai University of Finance and Economics,0,0,0,0,0,0,0,0,0,0,0,0,0,0,0,1 ,0,0,0,0,1 ,1 ,1 ,2 ,1 ,1 ,3 ,0,1 
China Academy of Financial Research,0,0,0,0,0,0,0,0,0,0,0,0,0,0,0,0,0,0,0,0,0,0,2 ,0,2 ,3 ,2 ,2 ,0
"Harvard Business School - Boston, MA",0,0,0,0,0,0,0,0,0,0,0,0,0,0,0,0,0,0,0,0,0,0,0,0,0,0,0,8 ,3 
Helsinki School of Economics,0,0,0,1 ,0,0,0,0,0,0,1 ,2 ,1 ,0,1 ,1 ,0,0,3 ,1 ,0,0,0,0,0,0,0,0,0
"Memphis, U. of - Memphis",1 ,0,1 ,0,0,0,0,0,0,1 ,0,1 ,0,0,1 ,1 ,0,0,0,1 ,0,0,0,1 ,0,1 ,1 ,0,1 
"Navarra, U. of (IESE) - Madrid, Spain",0,0,0,0,0,0,0,0,0,0,0,0,1 ,0,1 ,0,0,0,0,0,0,1 ,1 ,1 ,3 ,0,1 ,1 ,1 
North Carolina State University,1 ,0,2 ,0,1 ,1 ,0,0,1 ,0,0,0,0,0,0,0,0,0,1 ,0,0,0,0,1 ,0,2 ,1 ,0,0
Oxford-Man Institute of Quantitative Finance,0,0,0,0,0,0,0,0,0,0,0,0,0,0,0,0,0,0,0,2 ,1 ,0,1 ,3 ,2 ,1 ,1 ,0,0
Pontificia Universidad Catolica de Chile,0,0,0,0,0,0,0,0,0,0,0,0,0,0,0,2 ,0,0,1 ,1 ,0,0,0,2 ,1 ,0,0,2 ,2 
European University Institute,1 ,0,0,0,0,0,0,1 ,1 ,0,0,0,0,0,0,0,0,0,1 ,0,0,1 ,1 ,1 ,0,1 ,0,1 ,1 
"Lingnan University, Hong Kong",0,0,0,0,0,0,0,0,0,0,1 ,0,0,0,0,0,0,0,0,1 ,1 ,4 ,2 ,0,0,0,1 ,0,0
Oklahoma State University,1 ,0,1 ,1 ,1 ,0,0,0,0,1 ,1 ,0,0,1 ,0,1 ,0,0,0,0,0,0,1 ,0,0,0,0,0,1 
Seoul National University,0,0,0,0,0,0,0,1 ,0,1 ,0,0,0,1 ,0,1 ,1 ,0,0,0,1 ,1 ,2 ,0,0,0,0,0,1 
Sydney U. of - Australia,0,0,0,0,0,0,0,1 ,1 ,0,0,1 ,0,0,0,0,0,0,0,0,1 ,1 ,0,1 ,1 ,1 ,1 ,0,1 
Texas Tech University - Lubbock,0,0,0,0,1 ,0,1 ,0,0,0,1 ,0,0,1 ,0,1 ,0,0,0,3 ,0,1 ,0,0,0,1 ,0,0,0
"Arkansas, U. of (Fayetteville)",0,0,0,1 ,0,0,0,0,0,0,0,0,0,0,0,0,0,0,1 ,0,1 ,1 ,1 ,0,0,1 ,0,1 ,2 
BI Norwegian Business School,0,0,0,0,0,0,0,0,0,0,0,0,0,0,0,0,0,0,0,0,0,0,0,2 ,0,1 ,1 ,2 ,3 
Binghamton University,0,1 ,0,0,1 ,1 ,0,0,0,0,0,1 ,0,1 ,0,1 ,0,0,0,1 ,0,0,0,0,2 ,0,0,0,0
"Cambridge, U. of - Great Britain",0,0,0,0,0,0,0,0,0,0,0,1 ,0,0,0,1 ,0,0,0,1 ,1 ,0,0,0,0,2 ,2 ,0,1 
"Concordia, U. of - Montreal",0,0,0,0,0,0,0,0,0,1 ,1 ,0,0,0,1 ,1 ,0,0,0,2 ,1 ,1 ,0,0,1 ,0,0,0,0
"Koc University, Istanbul, Turkey",0,0,0,0,0,0,0,0,0,0,0,0,0,0,0,0,0,0,0,0,3 ,0,1 ,1 ,2 ,1 ,0,0,1 
Loyola Marymount University,0,0,0,0,0,0,0,0,0,0,0,0,0,0,0,0,0,0,0,0,2 ,1 ,1 ,2 ,1 ,1 ,0,0,1 
"North Carolina, U. of - Charlotte",1 ,0,0,0,0,0,1 ,0,1 ,1 ,0,0,0,0,0,1 ,0,0,0,0,0,0,0,0,0,1 ,1 ,0,2 
"Rhode Island, University of",0,0,1 ,1 ,0,1 ,1 ,1 ,0,0,0,0,0,1 ,0,0,0,1 ,0,1 ,0,0,0,1 ,0,0,0,0,0
San Diego State University,1 ,0,0,0,0,0,1 ,0,0,0,1 ,0,1 ,0,0,0,0,0,0,1 ,0,3 ,1 ,0,0,0,0,0,0
Vienna University of Economics and Business,0,0,0,0,0,0,0,0,0,0,0,0,0,0,0,0,0,0,0,0,0,0,3 ,0,2 ,0,3 ,0,1 
"Vienna, University of",0,0,0,0,0,0,0,0,2 ,0,0,0,1 ,0,0,0,0,0,3 ,0,0,2 ,0,1 ,0,0,0,0,0
Wake Forest University,0,0,0,0,0,0,0,1 ,0,2 ,1 ,0,0,0,1 ,1 ,0,3 ,0,0,0,0,0,0,0,0,0,0,0
Wilfrid Laurier U. - Ontario,0,0,0,1 ,0,0,0,0,0,0,1 ,1 ,0,0,0,0,0,0,2 ,0,0,1 ,1 ,0,1 ,0,0,0,1 
"Wisconsin, U. of - Milwaukee",0,0,0,2 ,0,0,0,0,0,0,0,0,1 ,0,1 ,1 ,1 ,0,0,0,1 ,0,0,0,2 ,0,0,0,0
"Bern, Universitat (Switzerland)",0,2 ,1 ,0,0,1 ,0,1 ,0,0,0,0,0,0,0,0,0,0,0,0,0,0,0,0,0,0,0,3 ,0
College of William and Mary,0,0,0,0,0,0,0,0,1 ,0,2 ,0,0,0,0,0,0,1 ,0,0,1 ,1 ,2 ,0,0,0,0,0,0
Florida State University,0,1 ,0,0,1 ,0,0,0,0,0,1 ,0,0,1 ,0,1 ,0,0,1 ,0,0,0,0,2 ,0,0,0,0,0
Frankfurt School of Finance & Management,0,0,0,0,0,0,0,0,0,0,0,0,0,0,0,0,0,0,0,0,0,0,0,0,1 ,0,1 ,1 ,5 
"London, U of",0,0,0,0,0,0,0,0,0,0,0,0,0,0,0,0,0,0,0,0,0,0,0,1 ,2 ,4 ,0,0,1 
Maastricht University,0,0,0,0,0,0,0,0,1 ,1 ,1 ,0,0,0,0,0,1 ,0,1 ,0,0,0,0,0,0,0,1 ,2 ,0
McMaster University,0,0,0,0,0,0,1 ,0,0,0,0,0,0,0,0,0,0,0,2 ,1 ,0,0,2 ,1 ,0,0,0,0,1 
"Miami University - Oxford, OH",1 ,0,0,0,0,0,0,1 ,0,0,0,0,0,0,0,0,0,0,0,0,0,1 ,0,0,0,1 ,2 ,2 ,0
Northern Illinois University,0,0,0,0,1 ,0,1 ,1 ,0,0,0,0,0,0,0,0,0,0,0,2 ,1 ,0,0,0,1 ,0,1 ,0,0
Sungkyunkwan University,0,0,0,0,0,0,0,0,0,0,0,0,0,0,0,0,0,0,0,1 ,0,0,2 ,0,1 ,2 ,1 ,0,1 
"Texas, U. of - San Antonio",0,0,0,0,0,0,0,0,0,0,1 ,0,1 ,0,0,1 ,1 ,1 ,0,1 ,1 ,1 ,0,0,0,0,0,0,0
Toulouse School of Economics,0,0,0,0,0,0,0,0,0,0,0,0,0,0,0,0,0,0,0,0,0,0,0,0,0,0,1 ,5 ,2 
Auburn University,1 ,1 ,0,0,0,0,0,0,0,0,0,0,0,0,0,0,0,0,0,1 ,0,0,2 ,0,0,0,0,0,2 
Claremont Graduate University,0,0,0,0,0,0,1 ,0,0,1 ,0,0,0,1 ,1 ,0,0,1 ,0,1 ,0,1 ,0,0,0,0,0,0,0
"Cologne, U of",0,0,0,0,0,0,0,0,0,0,0,0,0,0,0,0,0,0,1 ,1 ,0,1 ,0,1 ,1 ,1 ,0,0,1 
HEC Montreal,0,0,0,0,0,0,0,0,0,0,0,0,0,0,0,1 ,1 ,0,0,0,0,0,0,1 ,0,1 ,1 ,0,2 
Humboldt U Berlin,0,0,0,0,0,0,0,0,0,0,0,0,0,0,0,0,0,0,0,1 ,0,0,1 ,0,2 ,0,1 ,1 ,1 
IMD,0,0,0,0,0,0,0,0,0,0,0,0,0,0,0,0,0,2 ,1 ,1 ,1 ,0,0,1 ,1 ,0,0,0,0
Lehigh University,0,0,0,0,0,1 ,0,0,0,0,0,0,0,0,0,0,0,0,0,0,2 ,0,0,1 ,1 ,0,2 ,0,0
Loyola University - Chicago,0,0,0,0,0,1 ,0,0,2 ,0,1 ,0,0,0,0,0,0,0,0,0,2 ,0,0,0,0,0,1 ,0,0
Massey University - New Zealand,0,0,0,0,0,0,0,0,1 ,0,0,0,0,0,0,0,0,0,2 ,1 ,0,1 ,2 ,0,0,0,0,0,0
Monash University,0,0,0,0,0,0,0,0,0,0,0,0,0,0,0,0,0,0,1 ,0,0,0,0,1 ,0,0,1 ,2 ,2 
"Nebraska, U. of - Lincoln",1 ,0,0,0,0,0,0,0,0,0,0,0,0,0,0,0,0,0,0,1 ,1 ,0,0,1 ,1 ,0,0,0,2 
Simon Fraser University (B.C.),1 ,1 ,0,0,0,0,0,0,0,1 ,0,1 ,0,0,0,0,0,0,0,1 ,0,0,0,0,0,0,1 ,1 ,0
Southern Illinois University,1 ,0,1 ,0,0,0,0,0,1 ,0,0,0,1 ,1 ,0,0,0,1 ,1 ,0,0,0,0,0,0,0,0,0,0
Vrije Universiteit,0,0,0,0,0,0,0,0,0,0,0,0,0,0,0,0,0,0,2 ,0,0,0,2 ,1 ,0,0,0,1 ,1 
Wayne State University,0,0,0,0,0,1 ,1 ,2 ,0,0,0,0,0,0,0,1 ,1 ,0,0,0,1 ,0,0,0,0,0,0,0,0
Aarhus University ,0,0,0,0,0,0,0,1 ,1 ,0,0,0,0,0,0,0,0,0,0,0,1 ,0,0,0,1 ,1 ,0,0,1 
Australian National University,0,1 ,0,0,0,0,0,0,0,0,0,0,0,0,1 ,0,0,1 ,0,0,0,0,0,1 ,1 ,0,0,0,1 
Bar Ilan University,1 ,0,0,1 ,0,0,0,1 ,0,1 ,0,0,0,0,1 ,0,0,0,0,0,1 ,0,0,0,0,0,0,0,0
"Bath, University of",0,0,0,0,0,0,0,1 ,0,1 ,0,0,0,0,0,0,1 ,0,0,0,0,0,0,1 ,0,1 ,0,0,1 
"Baylor University - Waco, TX",1 ,0,0,0,0,0,0,0,0,0,1 ,0,0,0,0,0,0,0,1 ,0,1 ,1 ,0,0,0,0,0,1 ,0
"Bonn, U. of - Germany",0,0,0,0,0,0,0,0,0,0,0,0,0,0,0,0,0,1 ,0,2 ,0,0,0,0,0,2 ,0,1 ,0
Brandeis University,0,0,0,0,0,0,0,0,0,0,0,0,0,1 ,0,0,1 ,0,1 ,0,0,1 ,0,0,1 ,1 ,0,0,0
California State U. - Los Angeles,1 ,0,0,0,0,0,0,0,1 ,0,0,0,0,0,0,0,0,0,1 ,0,0,1 ,1 ,0,0,0,0,1 ,0
"Central Florida, U. of",0,0,0,0,0,0,0,0,0,0,0,0,0,0,1 ,0,0,0,0,0,1 ,0,0,0,0,1 ,2 ,0,1 
"Groningen, U. Of - Netherlands",0,0,0,0,0,0,0,0,0,0,0,0,0,0,0,1 ,0,0,1 ,0,0,2 ,1 ,0,0,0,1 ,0,0
"Hawaii, University of",0,1 ,0,0,0,0,1 ,0,1 ,0,0,0,0,0,0,0,0,0,0,0,1 ,0,0,0,2 ,0,0,0,0
Indian School of Business,0,0,0,0,0,0,0,0,0,0,0,0,0,0,0,0,0,0,1 ,0,0,0,0,1 ,1 ,0,1 ,0,2 
Kansas State University,0,0,0,0,1 ,0,0,0,0,1 ,1 ,0,0,0,0,0,0,1 ,0,1 ,0,0,0,0,1 ,0,0,0,0
"Paris Dauphine, Universite",0,1 ,0,0,0,0,0,0,0,0,1 ,2 ,0,0,0,0,0,0,0,0,0,0,0,0,1 ,1 ,0,0,0
Stockholm University,0,0,0,0,0,0,0,0,0,0,0,0,0,0,0,0,0,0,0,1 ,0,0,0,0,0,1 ,1 ,0,3 
"Technology, University of - Sydney (AUS)",0,0,0,0,0,0,0,0,0,0,0,0,0,0,0,0,0,0,0,0,0,0,0,0,0,2 ,2 ,0,2 
"Texas, U. of - Arlington",1 ,0,0,0,0,0,0,0,1 ,1 ,0,0,0,0,1 ,0,1 ,1 ,0,0,0,0,0,0,0,0,0,0,0
Universita di Torino (Italy),0,1 ,0,0,0,1 ,0,0,0,0,0,0,0,0,0,0,0,0,1 ,0,1 ,0,0,0,0,0,0,1 ,1 
"Waterloo, University of",0,1 ,0,0,0,0,0,1 ,0,0,0,0,0,0,0,0,1 ,0,2 ,0,0,0,1 ,0,0,0,0,0,0
Wichita State University,2 ,0,0,0,0,0,0,0,0,1 ,0,0,0,0,0,0,0,1 ,1 ,0,0,0,1 ,0,0,0,0,0,0
"Baltimore, University of",1 ,0,1 ,0,1 ,0,0,0,0,0,0,0,0,1 ,0,0,0,0,0,0,0,0,0,0,0,1 ,0,0,0
Central European University,0,0,0,0,0,0,0,0,0,0,0,0,0,0,0,0,0,0,0,1 ,0,0,0,1 ,0,1 ,0,2 ,0
China Europe International Business School,0,0,0,0,0,0,0,0,0,0,0,0,0,0,0,0,0,0,0,0,0,0,0,1 ,1 ,1 ,0,2 ,0
Claremont College,0,0,0,0,0,0,0,0,0,1 ,0,0,0,0,0,0,0,0,0,2 ,2 ,0,0,0,0,0,0,0,0
Creighton University (Omaha),1 ,0,0,0,0,0,1 ,0,0,0,1 ,0,0,0,0,0,1 ,0,0,0,0,0,0,0,0,0,0,0,1 
Harvard Law School,0,0,0,0,0,0,0,0,0,0,0,0,0,0,0,0,0,0,0,0,0,1 ,0,1 ,1 ,0,1 ,1 ,0
Indiana University Indianapolis,0,0,0,0,1 ,0,0,0,0,1 ,0,0,1 ,1 ,0,1 ,0,0,0,0,0,0,0,0,0,0,0,0,0
Instituto de Empresa Business School,0,0,0,0,0,0,0,0,0,0,0,0,0,0,0,0,0,0,1 ,1 ,0,1 ,0,1 ,0,1 ,0,0,0
Kobe University (Japan),0,1 ,0,0,0,0,0,0,0,0,0,0,0,0,1 ,1 ,0,1 ,0,1 ,0,0,0,0,0,0,0,0,0
"Konstanz, University of",0,0,0,0,0,0,0,0,0,0,0,0,0,0,0,0,0,0,0,1 ,0,1 ,1 ,0,0,0,1 ,1 ,0
"Luxembourg, University of ",0,0,0,0,0,0,0,0,0,0,0,0,0,0,0,0,0,0,0,0,0,0,0,0,0,2 ,1 ,1 ,1 
Marquette University,0,0,1 ,0,0,0,0,0,0,1 ,0,1 ,0,0,0,0,0,0,0,0,0,1 ,0,0,0,1 ,0,0,0
"Miami, U. of - Coral Gables",0,0,0,0,0,0,0,0,0,0,0,0,0,0,0,0,0,0,0,0,0,0,0,0,0,0,0,1 ,4 
"Munich, University of",0,0,0,0,0,0,0,0,0,0,0,0,0,1 ,1 ,0,0,1 ,0,0,0,0,0,2 ,0,0,0,0,0
"New Orleans, University of",0,0,0,1 ,0,0,1 ,0,0,2 ,1 ,0,0,0,0,0,0,0,0,0,0,0,0,0,0,0,0,0,0
Portland State University,0,0,0,1 ,0,0,0,0,0,0,0,0,1 ,0,0,1 ,0,0,1 ,1 ,0,0,0,0,0,0,0,0,0
"Queensland, U. of",0,0,0,0,0,0,0,1 ,0,0,0,0,0,0,1 ,0,0,0,0,1 ,0,0,0,1 ,0,0,0,0,1 
Rensselaer Polytechnic Inst.,0,1 ,0,0,0,0,0,0,0,0,0,0,0,0,0,0,0,0,1 ,0,1 ,0,0,0,1 ,0,1 ,0,0
Suffolk University,0,0,0,0,0,0,0,0,0,1 ,1 ,1 ,0,0,0,0,0,0,0,0,0,0,0,0,0,1 ,1 ,0,0
Universidad Carlos III de Madrid,0,0,0,0,0,0,0,0,0,0,0,0,1 ,0,0,0,0,0,0,1 ,0,0,0,0,1 ,0,0,1 ,1 
Universita di Bologna,0,0,0,0,0,0,0,0,0,0,1 ,0,0,1 ,0,0,0,0,1 ,0,0,0,0,0,0,0,2 ,0,0
Universite Libre de Bruxelles,0,0,0,0,1 ,0,1 ,0,1 ,0,0,0,0,0,0,0,0,0,0,0,1 ,0,0,0,0,0,0,1 ,0
University of Southern California,0,0,0,0,0,0,0,0,0,0,0,0,0,0,0,0,0,0,0,0,0,0,0,0,0,0,3 ,0,2 
"Wyoming, University of",0,0,0,1 ,0,0,0,0,0,0,0,0,0,0,0,0,0,0,0,1 ,0,0,1 ,0,0,1 ,0,1 ,0
Xiamen University,0,0,0,0,0,0,0,0,0,0,0,0,0,0,0,0,0,0,0,0,0,1 ,0,0,1 ,0,0,2 ,1 
American University of Sharjah,0,0,0,0,0,0,0,0,0,0,0,0,0,0,0,0,0,0,1 ,0,0,0,0,1 ,0,0,0,1 ,1 
Athens Laboratory of Bus. Admin. (ALBA),0,0,0,0,2 ,0,0,0,0,0,0,1 ,1 ,0,0,0,0,0,0,0,0,0,0,0,0,0,0,0,0
Birkbeck College - London,0,0,0,0,0,0,0,2 ,0,0,0,0,0,0,0,0,0,0,0,0,0,0,0,0,0,1 ,1 ,0,0
Claremont McKenna College,0,0,0,0,0,0,0,0,0,0,0,0,0,0,0,0,0,0,0,0,0,0,2 ,1 ,1 ,0,0,0,0
Collegio Carlo Alberto,0,0,0,0,0,0,0,0,0,0,0,0,0,0,0,0,0,0,0,0,0,0,0,0,1 ,0,1 ,1 ,1 
"Colorado, U. of - Denver",0,0,0,0,0,0,0,0,0,0,1 ,0,0,0,1 ,0,0,0,0,0,0,1 ,0,0,1 ,0,0,0,0
"Copenhagen, University of",0,0,0,0,0,0,0,1 ,0,0,1 ,0,0,0,0,0,1 ,0,0,0,0,0,0,0,0,0,0,0,1 
"Cyprus, U. of",0,0,0,0,0,0,0,0,0,1 ,0,0,0,0,0,0,0,0,0,0,0,1 ,0,1 ,0,1 ,0,0,0
Florida Atlantic University,0,0,0,0,0,0,1 ,0,0,1 ,0,0,0,0,0,1 ,0,1 ,0,0,0,0,0,0,0,0,0,0,0
Haifa University,1 ,0,0,0,0,0,0,0,0,0,1 ,0,0,0,0,0,1 ,0,0,1 ,0,0,0,0,0,0,0,0,0
Indian Institute of Management Bangalore,0,0,0,1 ,0,0,0,0,1 ,0,0,1 ,0,0,0,0,0,0,0,0,0,0,0,0,0,1 ,0,0,0
Manchester Business School,0,0,0,0,0,0,0,0,0,0,0,0,0,0,0,0,0,1 ,1 ,0,0,0,1 ,0,0,0,0,1 ,0
"Massachusetts, U. of - Boston",0,0,0,0,0,1 ,0,0,0,0,0,0,0,1 ,0,0,0,0,0,0,0,0,0,0,0,1 ,0,0,1 
Mississippi State University,0,0,0,0,0,0,1 ,0,0,0,0,0,0,0,0,0,0,0,0,0,0,0,0,0,0,0,0,2 ,1 
"Mississippi, U. of - Oxford",0,0,0,0,0,0,0,0,0,0,0,0,0,0,1 ,0,1 ,0,0,1 ,1 ,0,0,0,0,0,0,0,0
Montana State University,0,0,0,0,0,0,0,0,0,0,1 ,0,0,0,0,1 ,0,1 ,0,1 ,0,0,0,0,0,0,0,0,0
"Naples Federico II, University of",0,0,0,0,0,0,0,0,0,0,0,0,0,0,0,1 ,0,0,1 ,0,0,0,0,0,0,0,1 ,0,1 
National Chengchi University,0,0,0,0,0,0,0,0,0,0,0,0,0,0,0,0,0,0,0,1 ,1 ,1 ,0,0,0,1 ,0,0,0
"National Taiwan University, Taipei",0,0,0,0,0,0,0,0,0,1 ,0,0,0,0,0,0,0,0,0,0,0,0,1 ,0,0,0,1 ,1 ,0
New Economic School,0,0,0,0,0,0,0,0,0,0,0,0,0,0,0,0,0,0,1 ,0,0,1 ,1 ,0,1 ,0,0,0,0
"Northern Iowa, University of",0,0,0,0,1 ,0,0,1 ,1 ,0,0,1 ,0,0,0,0,0,0,0,0,0,0,0,0,0,0,0,0,0
"Nottingham, University of",0,0,0,0,0,0,0,0,0,0,0,0,0,0,0,0,0,1 ,1 ,0,0,0,0,0,1 ,0,0,0,1 
Ohio University - Athens,0,0,0,0,0,0,0,0,0,0,0,0,0,0,1 ,0,0,1 ,0,0,0,1 ,0,0,0,0,0,1 ,0
Ozyegin University,0,0,0,0,0,0,0,0,0,0,0,0,0,0,0,0,0,0,0,0,0,1 ,1 ,0,1 ,1 ,0,0,0
Rochester Institute of Technology,0,0,0,0,0,0,0,0,0,0,0,0,0,1 ,0,0,0,0,0,0,0,0,0,1 ,1 ,0,0,0,1 
Saint Louis University,0,0,0,0,0,1 ,0,0,0,0,0,0,0,0,0,0,0,0,0,0,1 ,0,0,1 ,0,0,1 ,0,0
San Francisco State University,0,0,0,0,0,0,0,0,0,0,0,0,0,0,0,0,1 ,0,0,0,0,0,1 ,0,0,0,1 ,1 ,0
Seton Hall University,0,0,0,0,0,0,0,0,0,0,0,0,1 ,0,0,0,1 ,0,0,1 ,0,0,0,0,0,0,0,0,1 
Technion (Israel),0,0,2 ,1 ,0,0,0,0,0,0,0,0,0,1 ,0,0,0,0,0,0,0,0,0,0,0,0,0,0,0
Towson State University,0,0,0,0,1 ,0,0,0,0,0,0,0,0,0,0,0,0,0,1 ,0,0,1 ,0,1 ,0,0,0,0,0
U Toulouse I Capitole,0,0,0,0,0,0,0,0,0,0,0,0,0,0,0,0,0,0,0,0,0,0,0,0,0,4 ,0,0,0
Universidade Catolica Portuguesa,0,0,0,0,0,0,1 ,0,0,0,0,0,0,0,0,0,0,0,1 ,1 ,0,0,0,1 ,0,0,0,0,0
Universita di Napoli,0,0,0,0,0,0,1 ,1 ,0,0,0,0,0,0,0,0,1 ,0,0,0,0,0,0,1 ,0,0,0,0,0
Universite Paris,0,0,0,0,0,0,0,0,0,0,0,0,0,0,0,0,0,0,0,0,0,0,0,0,1 ,0,0,2 ,1 
University of Pennsylvania,0,0,0,0,0,0,0,0,0,0,0,0,0,0,0,0,0,0,0,0,0,0,0,0,0,0,4 ,0,0
Villanova University,0,0,0,0,0,0,0,0,0,0,0,0,0,1 ,0,0,0,0,1 ,0,0,0,0,0,0,0,0,1 ,1 
Yonsei University - S. Korea,0,0,0,0,0,0,0,0,0,0,0,0,0,0,1 ,0,0,0,0,1 ,0,1 ,0,0,0,1 ,0,0,0
Australian Graduate School of Management,0,0,0,0,0,0,0,1 ,0,0,1 ,1 ,0,0,0,0,0,0,0,0,0,0,0,0,0,0,0,0,0
Ben Gurion University,0,0,0,0,0,0,0,0,0,0,0,1 ,0,1 ,1 ,0,0,0,0,0,0,0,0,0,0,0,0,0,0
California State U. - Northridge,0,0,0,0,0,0,0,0,0,0,0,0,0,0,0,1 ,1 ,0,0,0,0,1 ,0,0,0,0,0,0,0
"California, U. of - Santa Cruz",0,1 ,1 ,0,0,0,0,0,0,0,0,0,0,0,0,0,0,0,0,0,0,0,0,0,1 ,0,0,0,0
Cambridge Judge Business School,0,0,0,0,0,0,0,0,0,0,0,0,0,0,0,0,0,0,0,0,0,0,0,0,0,1 ,0,2 ,0
"Chile, University of",0,0,1 ,0,0,0,0,0,1 ,0,0,0,0,0,0,0,0,0,0,0,0,0,0,0,0,0,0,0,1 
Chung-Ang University,0,0,0,0,0,1 ,0,0,0,0,0,0,0,0,0,0,0,0,1 ,0,0,0,0,0,1 ,0,0,0,0
Duisenberg School of Finance,0,0,0,0,0,0,0,0,0,0,0,0,0,0,0,0,0,0,0,0,0,1 ,1 ,0,1 ,0,0,0,0
"Glasgow University, UK",0,0,0,0,0,0,0,0,0,0,0,0,0,0,0,0,0,0,0,0,0,0,1 ,0,0,0,1 ,0,1 
Gonzaga University,0,0,1 ,0,0,0,0,0,0,0,0,0,0,0,1 ,0,0,0,0,1 ,0,0,0,0,0,0,0,0,0
"Gothenburg, University of",0,0,0,0,0,0,0,0,0,0,0,0,0,0,0,0,0,0,0,0,0,0,0,0,1 ,0,0,0,2 
"Guelph, U. of",1 ,0,0,0,0,0,0,0,1 ,0,0,0,0,0,0,0,0,0,0,0,0,1 ,0,0,0,0,0,0,0
Hankuk University of Foreign Studies,0,0,0,0,0,0,0,0,0,0,0,0,0,0,1 ,0,1 ,0,0,0,0,0,1 ,0,0,0,0,0,0
Hitotsubashi University,0,0,0,0,1 ,0,0,0,1 ,0,0,0,0,0,0,0,0,0,0,1 ,0,0,0,0,0,0,0,0,0
IE Business School Maria de Molina 12,0,0,0,0,0,0,0,0,0,0,0,0,0,0,0,0,0,0,0,0,0,0,0,0,0,1 ,0,0,2 
IESE Business School (Barcelona),0,0,0,0,0,0,0,0,0,0,0,0,0,0,0,0,0,0,0,0,0,0,0,0,0,0,0,2 ,1 
Kennesaw State University,0,0,0,0,0,0,0,0,1 ,0,0,0,0,1 ,0,0,1 ,0,0,0,0,0,0,0,0,0,0,0,0
Kent State University,0,0,0,0,0,0,0,0,0,0,0,0,1 ,0,0,0,0,0,0,0,0,0,1 ,1 ,0,0,0,0,0
"New Hampshire, U. of - Durham",1 ,0,0,0,0,0,0,0,1 ,0,0,0,0,0,0,0,0,0,0,0,0,1 ,0,0,0,0,0,0,0
New Mexico State University,0,0,0,0,0,0,1 ,1 ,0,0,0,1 ,0,0,0,0,0,0,0,0,0,0,0,0,0,0,0,0,0
Northern Arizona University,2 ,0,0,0,1 ,0,0,0,0,0,0,0,0,0,0,0,0,0,0,0,0,0,0,0,0,0,0,0,0
Oakland University,0,0,0,0,0,0,0,0,0,0,0,0,0,0,0,0,0,1 ,0,0,0,0,0,0,0,1 ,0,0,1 
Oregon State University,0,0,0,0,0,0,0,0,0,0,0,0,0,0,0,0,0,0,0,0,1 ,1 ,1 ,0,0,0,0,0,0
Pace University - NY,0,0,0,0,0,0,0,0,0,0,0,0,1 ,0,0,0,1 ,1 ,0,0,0,0,0,0,0,0,0,0,0
Pepperdine University - Culver City,0,0,0,0,0,1 ,0,0,0,0,1 ,1 ,0,0,0,0,0,0,0,0,0,0,0,0,0,0,0,0,0
"Piraeus, University of",0,0,0,0,2 ,0,0,0,0,0,0,0,1 ,0,0,0,0,0,0,0,0,0,0,0,0,0,0,0,0
Queen Mary University of London,0,0,0,0,0,0,0,0,0,0,0,0,0,0,0,0,0,0,0,0,0,0,0,0,0,0,1 ,2 ,0
Queensland University of Technology,0,0,0,0,0,0,0,1 ,0,0,0,0,0,0,0,0,0,0,0,0,0,0,0,0,0,1 ,0,0,1 
Quinnipiac University,0,0,0,0,0,0,0,0,0,0,0,0,0,0,0,0,0,0,0,1 ,0,0,0,1 ,0,1 ,0,0,0
Renmin U China,0,0,0,0,0,0,0,0,0,0,0,0,0,0,0,0,0,0,0,0,0,0,0,1 ,0,1 ,0,1 ,0
"Richmond, U. of",0,0,0,0,0,0,0,0,0,0,0,0,0,1 ,1 ,0,0,0,0,0,0,0,0,0,0,0,0,1 ,0
"Salerno, U. of ",0,0,0,0,0,0,0,0,0,0,0,0,1 ,0,0,0,0,0,0,0,0,0,0,1 ,0,0,1 ,0,0
Shanghai Advanced Institute of Finance,0,0,0,0,0,0,0,0,0,0,0,0,0,0,0,0,0,0,0,0,0,0,0,0,0,0,1 ,2 ,0
State U. of New York (SUNY) - Stony Brook,1 ,0,0,0,0,0,0,0,0,0,0,0,0,0,0,0,0,0,0,0,0,0,0,0,0,1 ,1 ,0,0
"Strathclyde, University of",0,0,0,0,1 ,0,0,0,0,0,0,0,0,2 ,0,0,0,0,0,0,0,0,0,0,0,0,0,0,0
Study Center Gerzensee,0,0,0,0,0,1 ,0,0,0,0,0,0,0,0,0,0,0,0,0,0,0,0,0,0,0,0,0,2 ,0
"Turin, U of",0,0,0,0,0,0,0,0,0,0,0,0,0,0,0,0,0,0,0,1 ,0,0,0,0,1 ,1 ,0,0,0
Universidad Torcuato Di Tella,0,0,0,0,0,0,0,0,0,0,0,1 ,0,0,0,0,0,0,0,0,0,0,0,0,0,0,1 ,1 ,0
Universita della Svizzera Italiana,0,0,0,0,0,0,0,0,0,0,0,0,0,0,1 ,0,0,0,0,0,0,0,0,0,0,0,0,1 ,1 
Universite Catholique de Louvain,0,0,0,0,0,0,2 ,0,0,0,0,0,0,0,0,0,0,0,0,0,0,0,0,0,0,0,0,0,1 
Universite de Montreal,0,0,0,0,0,0,0,0,0,0,0,0,0,1 ,0,0,0,0,0,0,0,1 ,0,0,0,0,0,1 ,0
University of Calgary,0,0,0,0,0,0,0,0,0,0,0,0,0,0,0,0,0,0,2 ,0,0,0,0,0,1 ,0,0,0,0
"University of California, San Diego",0,0,0,0,0,0,0,0,0,0,0,0,0,0,0,0,0,0,0,0,0,0,0,0,0,0,1 ,0,2 
University of Essex,0,0,0,0,0,0,0,0,0,0,0,0,0,0,0,0,0,0,1 ,0,0,0,1 ,0,0,0,0,0,1 
University of Texas ,0,0,0,0,0,0,0,0,0,0,0,0,0,0,0,0,0,0,0,0,0,0,0,0,0,0,2 ,0,1 
"Virginia School of Law, U. of",0,0,0,0,0,0,0,0,0,1 ,0,0,0,0,0,1 ,0,0,0,0,0,0,0,0,1 ,0,0,0,0
VU University in Amsterdam,0,0,0,0,0,0,0,0,0,0,0,0,0,0,0,0,0,0,0,0,0,0,0,0,1 ,1 ,0,1 ,0
WHU - Otto Beisheim School of Management,0,0,0,0,0,0,0,0,0,0,0,0,0,0,0,0,0,0,0,0,0,0,0,1 ,0,0,0,1 ,1 
Williams College,0,0,0,0,0,0,0,0,0,0,0,0,0,0,0,0,0,0,0,0,1 ,1 ,0,0,0,0,0,1 ,0
"Adelaide, University of",0,0,0,0,0,0,0,0,0,0,0,0,0,0,0,0,0,0,0,0,0,0,0,0,0,1 ,0,0,1 
"Alabama, University of - Birmingham",0,0,0,0,0,0,1 ,0,0,0,0,0,1 ,0,0,0,0,0,0,0,0,0,0,0,0,0,0,0,0
ALBA Graduate Business School,0,0,0,0,0,0,0,0,0,0,0,0,0,0,0,0,0,0,1 ,0,0,0,1 ,0,0,0,0,0,0
American University in Dubai,0,0,0,0,0,0,0,0,0,0,0,0,0,0,1 ,0,0,0,0,0,1 ,0,0,0,0,0,0,0,0
Arison School of Business,0,0,0,0,0,0,0,0,0,0,0,0,0,0,0,0,0,2 ,0,0,0,0,0,0,0,0,0,0,0
"Bergen, University of",0,0,0,0,0,0,0,0,0,0,0,0,0,0,0,0,0,0,0,0,0,0,0,0,1 ,1 ,0,0,0
"Bielefeld, University of",0,1 ,0,0,1 ,0,0,0,0,0,0,0,0,0,0,0,0,0,0,0,0,0,0,0,0,0,0,0,0
Birmingham University (England),0,0,0,0,0,0,1 ,0,0,0,0,0,0,0,0,0,0,0,1 ,0,0,0,0,0,0,0,0,0,0
"Bristol, U. of ",0,0,0,0,0,0,0,0,0,0,0,0,0,0,0,0,0,0,0,0,0,1 ,0,0,0,0,0,0,1 
Brock University,0,0,0,0,0,0,0,0,0,0,0,0,0,0,0,0,0,1 ,0,0,0,0,0,0,0,0,0,1 ,0
Ca'Foscari U Venice,0,0,0,0,0,0,0,0,0,0,0,0,0,0,0,0,0,0,0,0,0,0,0,0,0,1 ,1 ,0,0
California Polytechnic State University,0,0,0,0,0,0,0,0,0,0,0,0,0,0,0,0,0,1 ,0,0,0,0,0,0,0,1 ,0,0,0
"California, U. of - Santa Barbara",0,0,0,0,0,0,1 ,0,0,0,0,0,0,0,0,0,0,0,0,0,0,0,0,0,0,0,0,1 ,0
Cardiff University,0,0,0,0,0,0,0,0,0,0,0,0,2 ,0,0,0,0,0,0,0,0,0,0,0,0,0,0,0,0
Central Univerisity Finance and Economics - Beijing,0,0,0,0,0,0,0,0,0,0,0,0,0,0,0,0,0,0,0,0,0,0,0,0,0,2 ,0,0,0
Chapman University,0,0,0,1 ,0,0,0,0,0,0,0,0,0,0,0,0,0,0,0,0,0,0,0,0,0,0,0,0,1 
China Economics and Management Academy,0,0,0,0,0,0,0,0,0,0,0,0,0,0,0,0,0,0,0,0,0,0,0,0,0,0,2 ,0,0
City University of New York,0,0,0,0,0,0,0,0,0,0,0,0,1 ,0,0,1 ,0,0,0,0,0,0,0,0,0,0,0,0,0
CUNEF Colegio Universitario de Estudios Financieros,0,0,0,0,0,0,0,0,0,0,0,0,0,0,0,0,0,0,0,0,0,0,0,0,0,1 ,0,1 ,0
Ecole Superieure de Commerce de Toulouse,0,0,0,0,0,0,0,0,0,0,0,0,1 ,0,0,0,0,0,1 ,0,0,0,0,0,0,0,0,0,0
Ehwa Women's University,0,0,0,0,0,0,0,0,0,0,0,0,0,1 ,0,0,0,0,0,1 ,0,0,0,0,0,0,0,0,0
EMLYON Business School,0,0,0,0,0,0,0,0,0,0,0,0,0,0,0,0,0,0,0,0,1 ,0,0,0,0,0,0,0,1 
Free University of Brussels,0,0,0,0,0,0,0,0,0,0,0,0,0,0,0,0,0,0,0,1 ,0,0,0,0,0,0,1 ,0,0
Fuqua School of Business,0,0,0,0,0,0,0,0,0,0,0,0,0,0,0,0,0,0,0,1 ,0,0,0,0,0,0,0,1 ,0
Hanken School of Economics and Business Administration,0,0,0,0,0,0,0,0,0,0,0,0,0,0,0,0,0,0,0,0,0,1 ,1 ,0,0,0,0,0,0
"Hanyang University, Seoul",0,0,0,0,0,0,0,0,0,0,0,0,0,0,0,0,0,0,1 ,1 ,0,0,0,0,0,0,0,0,0
Indiana University–Purdue University Fort Wayne,0,0,0,0,0,0,0,0,0,0,0,0,0,0,1 ,0,0,0,0,0,0,0,0,0,1 ,0,0,0,0
Johann Wolfgang Goethe-University Frankfurt,0,0,0,0,0,0,0,0,0,0,0,0,0,0,0,0,0,0,0,0,0,0,2 ,0,0,0,0,0,0
Johannes-Gutenberg Universitat,0,0,0,0,0,0,0,1 ,0,0,0,0,0,0,0,0,0,0,0,0,1 ,0,0,0,0,0,0,0,0
KyungHee University,0,0,0,0,0,0,0,0,0,1 ,0,0,0,0,0,0,0,0,0,0,0,0,0,1 ,0,0,0,0,0
Leibniz U Hannover,0,0,0,0,0,0,0,0,0,0,0,0,0,0,0,0,0,0,0,0,0,0,2 ,0,0,0,0,0,0
"Limburg, University of",1 ,0,0,0,0,1 ,0,0,0,0,0,0,0,0,0,0,0,0,0,0,0,0,0,0,0,0,0,0,0
Memorial University of Newfoundland,0,0,0,0,0,0,0,0,0,0,0,0,0,0,0,1 ,0,0,1 ,0,0,0,0,0,0,0,0,0,0
"Michigan, U. of - Dearborn",0,0,0,0,0,0,0,0,0,0,0,0,0,0,0,0,0,1 ,0,0,0,0,0,0,0,1 ,0,0,0
"Missouri, U. of - Saint Louis",0,0,0,0,0,0,0,0,0,0,0,0,0,0,0,0,0,1 ,0,1 ,0,0,0,0,0,0,0,0,0
"Montana, University of",0,0,0,0,0,0,1 ,0,0,0,0,0,0,0,1 ,0,0,0,0,0,0,0,0,0,0,0,0,0,0
Nanzan University - Japan,0,1 ,0,0,0,1 ,0,0,0,0,0,0,0,0,0,0,0,0,0,0,0,0,0,0,0,0,0,0,0
Naval Postgraduate School,0,0,0,0,0,0,0,0,0,0,0,0,0,0,0,0,0,0,0,0,0,0,1 ,0,0,0,0,0,1 
"Neuchatel, U Of",0,0,0,0,0,0,0,0,0,0,0,0,0,0,0,0,0,0,0,1 ,1 ,0,0,0,0,0,0,0,0
"North Carolina, U. of - Greensboro",0,0,1 ,0,0,0,0,0,0,0,0,0,0,0,0,0,0,0,0,1 ,0,0,0,0,0,0,0,0,0
"North Texas, U. of - Denton",0,0,0,0,0,0,0,1 ,0,0,1 ,0,0,0,0,0,0,0,0,0,0,0,0,0,0,0,0,0,0
Old Dominion University,0,0,0,0,0,0,0,0,0,0,0,0,2 ,0,0,0,0,0,0,0,0,0,0,0,0,0,0,0,0
"Otago, U. of - New Zealand",0,0,0,0,0,0,0,0,0,0,0,0,0,1 ,0,0,0,0,0,0,0,1 ,0,0,0,0,0,0,0
Pavia University,0,0,0,0,0,1 ,0,1 ,0,0,0,0,0,0,0,0,0,0,0,0,0,0,0,0,0,0,0,0,0
Pontifical Catholic U. of Rio de Janeiro,0,0,0,0,0,0,0,0,0,0,0,0,1 ,0,0,0,0,0,0,0,0,0,0,0,1 ,0,0,0,0
"Quebec, U. of - Montreal",0,0,0,0,0,0,0,0,0,0,0,0,0,0,0,0,0,1 ,0,0,0,0,0,0,0,1 ,0,0,0
"Queen's U. and Institute for Policy Analysis - Toronto, Ontario, Canada",0,1 ,0,0,0,0,0,1 ,0,0,0,0,0,0,0,0,0,0,0,0,0,0,0,0,0,0,0,0,0
RSM Erasmus University,0,0,0,0,0,0,0,0,0,0,0,0,0,0,0,0,0,0,0,0,0,0,0,0,0,0,0,2 ,0
Rutgers University - Camden,0,0,0,0,0,0,0,0,0,0,0,0,0,0,0,0,0,0,1 ,0,0,0,0,1 ,0,0,0,0,0
"Saskatchewan, U. of",1 ,0,0,0,0,0,0,0,0,0,0,0,0,0,0,0,0,0,0,0,0,0,0,0,0,0,0,1 ,0
Shanghai Jiao Tong University,0,0,0,0,0,0,0,0,0,0,0,0,0,0,0,0,0,0,0,0,0,0,0,0,0,0,0,0,2 
Sogang University,0,0,0,0,0,0,0,0,0,0,0,0,0,0,0,0,0,0,1 ,0,0,0,0,0,0,1 ,0,0,0
Solvay Brussels School- Economics & Management,0,0,0,0,0,0,0,0,0,0,0,0,0,0,0,0,0,0,0,0,0,0,0,0,0,0,1 ,1 ,0
St. John's University (New York),0,0,0,0,0,0,0,0,0,0,0,0,0,0,0,0,0,0,0,0,2 ,0,0,0,0,0,0,0,0
"St. Thomas, U. of",0,0,0,0,0,0,0,0,0,0,0,0,0,0,1 ,0,0,0,0,1 ,0,0,0,0,0,0,0,0,0
Swedish Institute for Financial Research,0,0,0,0,0,0,0,0,0,0,0,0,0,0,0,0,0,0,0,2 ,0,0,0,0,0,0,0,0,0
Tanaka Business School,0,0,0,0,0,0,0,0,0,0,0,0,0,0,0,0,0,2 ,0,0,0,0,0,0,0,0,0,0,0
"Texas, U. of - El Paso",0,0,0,0,0,0,0,0,0,0,0,0,0,0,0,0,0,0,0,1 ,0,0,0,0,0,0,0,0,1 
"Thunderbird, Garvin School of International Management",0,0,0,0,0,0,1 ,0,0,0,1 ,0,0,0,0,0,0,0,0,0,0,0,0,0,0,0,0,0,0
Trinity College,0,0,0,0,0,1 ,0,0,0,0,0,0,0,0,0,0,0,0,0,0,0,0,0,0,0,0,0,0,1 
"Tsukuba, U. of",0,0,0,0,0,0,0,0,0,0,0,0,0,1 ,0,0,0,0,1 ,0,0,0,0,0,0,0,0,0,0
U CEU Cardenal Herrera - Elche,0,0,0,0,0,0,0,0,0,0,0,0,0,0,0,0,0,0,0,0,0,0,0,0,0,0,1 ,1 ,0
Universidad Autonoma de Madrid,0,0,0,0,0,0,0,0,0,0,0,0,1 ,0,0,0,0,0,0,0,0,0,0,1 ,0,0,0,0,0
Universidad de Adolfo Ibanez,0,0,0,0,0,0,0,0,0,0,0,0,0,0,0,0,0,0,0,1 ,0,0,0,1 ,0,0,0,0,0
Universidad de los Andes,0,0,0,0,0,0,0,0,0,0,0,0,0,0,0,0,0,0,0,0,0,0,0,0,0,0,1 ,1 ,0
Universita di Salerno,0,0,0,0,0,0,0,0,1 ,0,0,0,0,0,0,0,0,0,0,0,1 ,0,0,0,0,0,0,0,0
Universita di Siena (Italy),0,0,0,0,0,0,0,1 ,0,0,0,0,0,0,0,0,0,0,0,0,0,0,0,0,0,0,1 ,0,0
Universita di Verona,0,0,0,0,0,0,0,0,0,0,0,0,0,0,0,0,0,0,1 ,0,0,0,0,0,0,0,0,1 ,0
Universitat Basel,0,0,0,0,0,0,0,0,0,0,0,0,0,0,0,0,0,0,0,0,0,0,1 ,0,0,0,0,1 ,0
Universite de Grenoble,0,0,0,0,0,0,0,0,0,0,0,0,0,0,0,0,0,0,0,0,0,0,1 ,0,0,0,1 ,0,0
Universite Laval - Quebec,1 ,0,0,0,0,0,0,0,1 ,0,0,0,0,0,0,0,0,0,0,0,0,0,0,0,0,0,0,0,0
University College Dublin,0,0,0,0,0,0,0,0,0,0,0,0,0,0,0,0,0,0,0,0,0,0,0,0,0,1 ,0,1 ,0
"University College, U.K.",0,0,0,0,0,0,0,0,0,0,0,0,0,1 ,0,0,0,0,0,0,0,0,1 ,0,0,0,0,0,0
University of Chicago,0,0,0,0,0,0,0,0,0,0,0,0,0,0,0,0,0,0,0,0,0,0,0,0,0,0,1 ,0,1 
University of Leicester,0,0,0,0,0,0,0,0,0,0,0,0,0,0,0,0,0,0,0,0,0,0,1 ,0,1 ,0,0,0,0
University of Michigan,0,0,0,0,0,0,0,0,0,0,0,0,0,0,0,0,0,0,0,0,0,0,0,0,0,0,1 ,0,1 
University of Venice,0,0,0,0,0,0,0,0,0,0,0,0,0,0,0,0,0,0,0,0,0,0,1 ,0,1 ,0,0,0,0
University of Virginia ,0,0,0,0,0,0,0,0,0,0,0,0,0,0,0,0,0,0,0,0,0,0,0,0,0,0,1 ,0,1 
University of York ,0,0,0,0,0,0,0,0,0,0,0,0,0,0,0,1 ,0,0,0,0,0,0,0,0,0,0,0,1 ,0
Victoria University of Wellington,0,0,0,0,0,0,0,0,0,0,0,0,0,1 ,0,0,1 ,0,0,0,0,0,0,0,0,0,0,0,0
Virginia Commonwealth University,0,0,0,0,0,0,0,0,0,0,0,2 ,0,0,0,0,0,0,0,0,0,0,0,0,0,0,0,0,0
Waseda University,0,0,0,0,0,0,0,0,0,0,0,0,0,0,0,0,0,0,0,0,0,0,0,0,1 ,0,1 ,0,0
West Virginia University,0,0,0,0,0,0,0,0,0,0,1 ,0,0,0,0,0,0,1 ,0,0,0,0,0,0,0,0,0,0,0
"Western Ontario, University of ",0,0,0,0,0,0,0,0,0,0,0,0,0,0,0,0,0,0,0,0,0,0,0,0,0,0,0,1 ,1 
Winthrop College,0,0,1 ,0,0,0,0,0,0,0,0,0,0,0,0,0,0,0,0,0,0,1 ,0,0,0,0,0,0,0
Yuan Ze University - Taiwan,0,0,0,0,0,0,0,0,0,0,0,0,0,0,0,0,0,0,0,0,0,0,1 ,0,0,0,1 ,0,0
Z-center-DO NOT USE,0,0,0,0,0,0,0,0,0,0,0,0,0,0,0,0,0,0,0,0,0,0,0,1 ,0,1 ,0,0,0
Blank,0,0,0,0,0,0,0,0,0,0,0,0,0,0,0,0,0,0,0,0,0,0,0,1 ,0,0,0,0,0
"Aberdeen, University of",0,0,0,0,0,0,0,0,0,0,0,0,0,0,0,0,0,0,0,0,0,0,0,0,0,1 ,0,0,0
Ajou University,0,0,0,0,0,0,0,0,0,0,0,0,0,0,0,0,0,1 ,0,0,0,0,0,0,0,0,0,0,0
Allianz Global Investors,0,0,0,0,0,0,0,0,0,0,0,0,0,0,0,0,0,0,0,0,0,0,0,1 ,0,0,0,0,0
American University of Beirut,0,0,0,0,0,0,0,0,0,0,0,0,0,0,1 ,0,0,0,0,0,0,0,0,0,0,0,0,0,0
American University of Bulgaria,0,0,0,0,0,0,0,0,0,0,0,0,0,0,0,0,0,0,1 ,0,0,0,0,0,0,0,0,0,0
Appalachian State University,0,0,0,0,1 ,0,0,0,0,0,0,0,0,0,0,0,0,0,0,0,0,0,0,0,0,0,0,0,0
"Applied Sciences Northwestern Switzerland, University of",0,0,0,0,0,0,0,0,0,0,0,0,0,0,0,0,0,0,0,0,0,0,0,0,0,0,0,0,1 
"Arizona, University of (2)",0,0,0,0,0,0,0,0,0,0,0,0,0,0,0,0,0,0,0,0,0,0,0,0,0,0,1 ,0,0
Aston University,0,0,0,0,0,0,0,0,0,0,0,0,0,0,0,0,0,0,0,0,0,0,0,0,0,0,0,0,1 
"Athens, University of",0,0,0,0,1 ,0,0,0,0,0,0,0,0,0,0,0,0,0,0,0,0,0,0,0,0,0,0,0,0
Audencia Nantes School of Management,0,0,0,0,0,0,0,0,0,0,0,0,0,0,0,0,0,0,1 ,0,0,0,0,0,0,0,0,0,0
Babes-Bolyai University,0,0,0,0,0,0,0,0,0,0,0,0,0,0,0,0,0,0,0,0,0,0,0,0,0,0,0,1 ,0
"Bard College, Jerome Levy Econ",0,0,0,0,0,0,0,1 ,0,0,0,0,0,0,0,0,0,0,0,0,0,0,0,0,0,0,0,0,0
Bentley University,0,0,0,0,0,0,0,0,0,0,0,0,0,0,0,0,0,0,0,0,0,0,0,0,1 ,0,0,0,0
Bilkent University,0,0,0,0,0,0,0,0,0,0,0,0,0,0,0,0,0,0,0,0,0,0,0,0,0,0,0,1 ,0
Bogazici University,0,0,0,0,0,0,0,0,1 ,0,0,0,0,0,0,0,0,0,0,0,0,0,0,0,0,0,0,0,0
Bowling Green State University,0,0,0,0,0,0,0,0,0,0,0,0,0,0,0,0,0,0,1 ,0,0,0,0,0,0,0,0,0,0
BYU - Hawaii,0,0,0,0,0,0,0,0,0,0,1 ,0,0,0,0,0,0,0,0,0,0,0,0,0,0,0,0,0,0
"Calabria, University of",0,0,0,0,0,0,0,0,0,0,0,0,0,0,0,0,0,0,0,0,0,1 ,0,0,0,0,0,0,0
California State U. - San Marcos,0,0,0,0,0,0,0,0,0,0,0,0,0,0,1 ,0,0,0,0,0,0,0,0,0,0,0,0,0,0
"California, University of - Merced",0,0,0,0,0,0,0,0,0,0,0,0,0,0,0,0,0,0,0,0,0,1 ,0,0,0,0,0,0,0
Capital University,0,0,0,0,0,0,0,0,0,0,0,0,0,0,0,0,0,0,1 ,0,0,0,0,0,0,0,0,0,0
Carleton University,0,0,0,0,0,0,0,0,0,0,0,0,0,0,1 ,0,0,0,0,0,0,0,0,0,0,0,0,0,0
Catholic University Leuven,0,0,0,0,0,0,0,0,1 ,0,0,0,0,0,0,0,0,0,0,0,0,0,0,0,0,0,0,0,0
Catholic University Milan,0,0,0,0,0,0,0,0,0,0,0,0,0,0,0,0,0,0,0,0,0,1 ,0,0,0,0,0,0,0
Catholic University Portugal,0,0,0,0,0,0,0,0,0,0,0,0,0,0,0,0,0,0,0,0,0,0,0,0,0,1 ,0,0,0
"Center for Advanced Studies, HSE Moscow",0,0,0,0,0,0,0,0,0,0,0,0,0,0,0,0,0,0,0,0,0,0,0,1 ,0,0,0,0,0
Central Michigan University,1 ,0,0,0,0,0,0,0,0,0,0,0,0,0,0,0,0,0,0,0,0,0,0,0,0,0,0,0,0
Central Missouri State U.,0,0,0,0,0,0,0,1 ,0,0,0,0,0,0,0,0,0,0,0,0,0,0,0,0,0,0,0,0,0
Clark University,0,1 ,0,0,0,0,0,0,0,0,0,0,0,0,0,0,0,0,0,0,0,0,0,0,0,0,0,0,0
Cleveland State University,0,0,0,0,0,0,0,0,0,0,1 ,0,0,0,0,0,0,0,0,0,0,0,0,0,0,0,0,0,0
Colgate Univeristy,0,0,0,0,0,0,0,0,0,0,0,0,0,0,0,0,0,0,0,0,0,0,0,0,0,0,0,0,1 
"College at Brockport, SUNY",1 ,0,0,0,0,0,0,0,0,0,0,0,0,0,0,0,0,0,0,0,0,0,0,0,0,0,0,0,0
Colorado State ,0,0,0,0,0,0,0,0,0,0,0,0,0,0,0,0,0,0,0,0,0,0,0,0,0,1 ,0,0,0
Colorado State University ,0,0,0,0,0,0,0,0,0,0,0,0,0,0,0,0,0,0,0,0,0,0,0,0,0,0,0,1 ,0
Dalhousie University,0,0,0,0,0,0,0,0,0,0,0,0,0,0,0,0,0,0,0,0,0,1 ,0,0,0,0,0,0,0
"Danang, University of",0,0,0,0,0,0,0,0,0,0,0,0,0,0,0,0,0,0,0,0,0,0,0,0,0,1 ,0,0,0
Delhi School of Economics,0,0,0,0,0,0,0,0,0,0,0,0,0,0,0,0,0,0,1 ,0,0,0,0,0,0,0,0,0,0
"Denver, U. of",0,0,0,0,0,0,0,0,1 ,0,0,0,0,0,0,0,0,0,0,0,0,0,0,0,0,0,0,0,0
Dublin City University,0,0,0,0,0,0,0,0,0,0,0,0,0,0,0,0,0,0,0,0,0,1 ,0,0,0,0,0,0,0
Eastern Kentucky University,0,0,0,0,0,0,0,0,0,0,0,0,0,0,0,0,0,0,0,0,0,1 ,0,0,0,0,0,0,0
Eastern Michigan University,0,0,0,0,1 ,0,0,0,0,0,0,0,0,0,0,0,0,0,0,0,0,0,0,0,0,0,0,0,0
"Edinburgh, University of",0,0,0,0,0,0,0,0,0,0,0,0,0,0,0,0,0,0,0,0,0,0,0,0,0,0,0,0,1 
European Business School,0,0,0,0,0,0,0,0,0,0,0,0,0,0,0,0,0,0,0,0,0,1 ,0,0,0,0,0,0,0
"Exeter, U. of - England",0,0,0,0,0,0,0,0,0,0,0,0,0,0,0,0,0,0,0,0,1 ,0,0,0,0,0,0,0,0
Florida International University,0,0,0,0,0,0,0,0,0,1 ,0,0,0,0,0,0,0,0,0,0,0,0,0,0,0,0,0,0,0
Free University of Amsterdam,0,0,0,0,0,0,0,0,0,0,0,0,0,0,0,0,0,0,0,0,0,1 ,0,0,0,0,0,0,0
Ft. Lewis College,0,0,1 ,0,0,0,0,0,0,0,0,0,0,0,0,0,0,0,0,0,0,0,0,0,0,0,0,0,0
"Fu Jen University, Taiwan",0,0,0,0,0,0,0,0,0,0,1 ,0,0,0,0,0,0,0,0,0,0,0,0,0,0,0,0,0,0
Gardner-Webb University - Boiling,0,0,0,0,0,0,0,1 ,0,0,0,0,0,0,0,0,0,0,0,0,0,0,0,0,0,0,0,0,0
Georgia College and State University,0,0,0,0,0,0,0,0,0,0,0,0,0,0,0,0,0,0,0,0,0,0,0,0,1 ,0,0,0,0
Ghent University,0,0,0,0,0,0,0,0,0,0,0,0,0,0,0,0,0,0,0,0,1 ,0,0,0,0,0,0,0,0
"Goizueta Business School, Atlanta",0,0,0,0,0,0,0,0,0,0,0,0,0,0,0,0,0,0,0,0,0,0,0,0,0,0,0,1 ,0
Gustavus Adolphus College,0,0,0,0,0,0,0,0,0,0,0,0,0,0,0,0,0,1 ,0,0,0,0,0,0,0,0,0,0,0
Hamilton College,0,0,0,0,0,0,0,0,0,0,0,0,0,0,1 ,0,0,0,0,0,0,0,0,0,0,0,0,0,0
Harvard Kennedy School,0,0,0,0,0,0,0,0,0,0,0,0,0,0,0,0,0,0,0,0,0,0,0,1 ,0,0,0,0,0
Harvey Mudd College,0,0,0,0,0,0,0,0,0,0,0,0,0,0,0,0,0,0,0,0,1 ,0,0,0,0,0,0,0,0
Hofstra University,0,0,0,0,0,0,0,0,0,0,0,0,0,0,0,0,0,0,0,0,0,0,0,0,1 ,0,0,0,0
"Hohenheim, University of ",0,0,0,0,0,0,0,0,0,0,0,0,0,0,0,0,0,0,0,0,0,0,0,0,0,0,0,0,1 
Hong Kong Baptist University,0,0,0,0,0,0,0,0,0,0,0,0,0,0,0,0,0,0,0,0,0,1 ,0,0,0,0,0,0,0
"Houston, U. of - Clear Lake",0,1 ,0,0,0,0,0,0,0,0,0,0,0,0,0,0,0,0,0,0,0,0,0,0,0,0,0,0,0
INCAE,0,0,0,0,0,0,0,0,0,0,1 ,0,0,0,0,0,0,0,0,0,0,0,0,0,0,0,0,0,0
Indiana University Southeast,0,0,0,0,0,0,0,0,0,0,0,0,0,0,0,0,0,0,0,1 ,0,0,0,0,0,0,0,0,0
"Innsbruck, University of ",0,0,0,0,0,0,0,0,0,0,0,0,0,0,0,0,0,0,0,0,0,0,0,0,0,0,0,0,1 
Instituto Madrileño de Estudios Avanzados (IMDEA),0,0,0,0,0,0,0,0,0,0,0,0,0,0,0,0,0,0,1 ,0,0,0,0,0,0,0,0,0,0
Instituto Tecnologico Autonomo de Mexico,0,0,0,0,0,0,0,0,0,0,0,0,0,0,0,0,0,0,0,0,0,0,0,0,0,1 ,0,0,0
"Instituto Universitaria Navale, Naples",0,0,0,1 ,0,0,0,0,0,0,0,0,0,0,0,0,0,0,0,0,0,0,0,0,0,0,0,0,0
"International Business and Economics, U. of -Beijing",0,0,0,0,0,0,0,0,0,0,0,0,0,0,0,0,0,0,0,0,0,1 ,0,0,0,0,0,0,0
ITAM Business School ,0,0,0,0,0,0,0,0,0,0,0,0,0,0,0,0,0,0,0,0,0,0,0,0,0,0,0,0,1 
Jerusalem Institute of Technology,0,0,0,0,0,0,0,0,0,0,0,0,0,0,0,0,0,0,0,0,1 ,0,0,0,0,0,0,0,0
Judge Business School,0,0,0,0,0,0,0,0,0,0,0,0,0,0,0,0,0,0,0,0,0,1 ,0,0,0,0,0,0,0
K.U.Leuven,0,0,0,0,0,0,0,0,0,0,0,0,0,0,0,0,0,0,0,0,0,0,0,0,0,0,0,0,1 
Karlsruhe Institute of Technology,0,0,0,0,0,0,0,0,0,0,0,0,0,0,0,0,0,0,0,0,0,0,0,0,0,0,1 ,0,0
Katholieke Universiteit Leuven- Belgium,0,0,0,0,0,0,0,0,0,0,0,0,0,0,0,0,0,0,0,1 ,0,0,0,0,0,0,0,0,0
Kenyon College,0,0,0,0,0,0,0,0,0,0,0,0,0,0,0,0,0,0,0,0,0,1 ,0,0,0,0,0,0,0
King Abdulaziz University,0,0,0,0,0,0,0,0,0,0,0,0,0,0,0,0,0,0,0,0,0,0,1 ,0,0,0,0,0,0
King's College London,0,0,0,0,0,0,0,0,0,0,0,0,0,0,0,0,0,0,0,0,0,0,0,0,0,1 ,0,0,0
"KOC University, USA",0,0,0,0,0,0,0,0,0,1 ,0,0,0,0,0,0,0,0,0,0,0,0,0,0,0,0,0,0,0
Kyoto Sangyo University,0,0,0,0,0,0,0,0,0,0,0,0,0,0,0,0,0,0,0,0,0,0,0,1 ,0,0,0,0,0
Kyoto University,0,0,0,0,0,0,0,0,0,0,0,0,0,0,0,0,0,0,0,0,0,0,0,1 ,0,0,0,0,0
La Trobe University,0,0,0,0,0,0,0,0,0,0,0,0,0,0,0,1 ,0,0,0,0,0,0,0,0,0,0,0,0,0
Lafayette College,0,0,0,0,0,0,0,0,0,0,0,0,0,0,0,0,0,0,0,0,0,0,0,0,1 ,0,0,0,0
LaSalle University,0,0,1 ,0,0,0,0,0,0,0,0,0,0,0,0,0,0,0,0,0,0,0,0,0,0,0,0,0,0
Louisiana Tech University,0,0,0,1 ,0,0,0,0,0,0,0,0,0,0,0,0,0,0,0,0,0,0,0,0,0,0,0,0,0
"Louvain, University of",0,0,0,0,0,0,0,0,0,0,0,0,0,0,0,0,0,0,0,0,0,0,0,0,0,0,0,0,1 
Ludwig Maximilian University of Munich,0,0,0,0,0,0,0,0,0,0,0,0,0,0,0,0,0,0,0,0,0,0,0,0,0,0,0,1 ,0
LUISS Guido Carli,0,0,0,0,0,0,0,0,0,0,0,0,0,0,0,0,0,0,0,0,0,0,0,0,0,0,0,0,1 
"Lund University of Economics and Management, Sweden",0,0,0,0,0,0,0,0,0,0,0,0,0,0,0,0,0,0,0,0,0,0,0,0,0,0,0,1 ,0
"Luneburg, Universitat",0,1 ,0,0,0,0,0,0,0,0,0,0,0,0,0,0,0,0,0,0,0,0,0,0,0,0,0,0,0
"Macquarie University, Sydney",0,0,0,0,0,0,0,0,0,1 ,0,0,0,0,0,0,0,0,0,0,0,0,0,0,0,0,0,0,0
Mahidol University,0,0,0,0,0,0,0,0,0,0,0,0,0,0,0,0,0,0,0,0,0,0,0,0,0,0,1 ,0,0
"Manitoba, University of (Canada)",0,0,1 ,0,0,0,0,0,0,0,0,0,0,0,0,0,0,0,0,0,0,0,0,0,0,0,0,0,0
"Massachusetts, U. of - Dartmouth",0,0,0,0,0,0,0,1 ,0,0,0,0,0,0,0,0,0,0,0,0,0,0,0,0,0,0,0,0,0
"Massachusetts, U. of - Lowell",0,0,0,0,0,0,0,0,0,0,0,0,0,0,0,0,0,0,0,0,0,0,0,0,0,0,1 ,0,0
Max Stern Yezreel Valley College,0,0,0,0,0,0,0,0,0,0,0,0,0,0,0,0,0,0,0,0,0,0,0,0,0,0,0,1 ,0
Merage School of Business,0,0,0,0,0,0,0,0,0,0,0,0,0,0,0,0,0,0,0,1 ,0,0,0,0,0,0,0,0,0
Mercer University,0,0,0,0,0,0,0,0,0,1 ,0,0,0,0,0,0,0,0,0,0,0,0,0,0,0,0,0,0,0
Middlebury College,0,0,0,0,0,0,0,0,0,0,0,0,0,0,0,0,0,0,0,1 ,0,0,0,0,0,0,0,0,0
Morgan State University,0,0,0,1 ,0,0,0,0,0,0,0,0,0,0,0,0,0,0,0,0,0,0,0,0,0,0,0,0,0
Moscow State University,0,0,0,0,0,0,0,0,0,0,0,0,0,0,0,0,0,0,0,1 ,0,0,0,0,0,0,0,0,0
"Muenster, University of",0,0,0,0,0,0,0,0,0,0,0,0,0,0,0,0,0,0,0,0,0,0,0,0,0,0,1 ,0,0
Nanjing University,0,0,0,0,0,0,0,0,0,0,0,0,0,0,0,0,0,0,0,0,0,0,0,0,0,0,0,0,1 
Nankai University,0,0,0,0,0,0,0,0,0,0,0,0,0,0,0,0,0,0,0,0,0,0,0,0,0,1 ,0,0,0
National Taipei University of Business,0,0,0,0,0,0,0,0,0,0,0,0,0,0,0,0,0,0,0,0,0,0,0,0,0,0,1 ,0,0
"Nebraska, U. of - Omaha",0,0,0,0,0,0,0,0,0,1 ,0,0,0,0,0,0,0,0,0,0,0,0,0,0,0,0,0,0,0
"Nevada, U. of - Las Vegas",0,0,1 ,0,0,0,0,0,0,0,0,0,0,0,0,0,0,0,0,0,0,0,0,0,0,0,0,0,0
"Nevada, U. of - Reno",0,0,0,0,0,0,0,0,0,0,0,0,0,0,0,0,0,1 ,0,0,0,0,0,0,0,0,0,0,0
New Jersey City University,0,0,0,0,0,0,0,0,0,0,0,0,0,0,0,0,0,0,0,0,0,1 ,0,0,0,0,0,0,0
New U Lisbon,0,0,0,0,0,0,0,0,0,0,0,0,0,0,0,0,0,0,0,0,0,0,0,1 ,0,0,0,0,0
"North Florida, University of",0,0,0,0,0,0,0,0,0,0,0,0,0,0,0,0,0,0,0,0,1 ,0,0,0,0,0,0,0,0
North Georgia College & State U.,0,0,0,0,0,0,0,0,0,0,0,1 ,0,0,0,0,0,0,0,0,0,0,0,0,0,0,0,0,0
"Northern British Columbia, University of",0,0,0,0,0,0,0,0,0,0,0,0,0,0,0,0,0,0,0,0,1 ,0,0,0,0,0,0,0,0
Northwestern University - School of Law,0,0,0,0,0,0,0,0,0,0,0,0,0,0,0,0,0,0,0,0,0,1 ,0,0,0,0,0,0,0
Nuffield College,0,0,0,0,0,0,0,0,0,0,0,0,0,0,0,0,0,0,0,0,0,0,0,0,0,0,0,0,1 
Oberlin College,0,0,0,0,0,0,0,0,0,0,0,0,0,0,0,1 ,0,0,0,0,0,0,0,0,0,0,0,0,0
Odense University - Denmark,0,0,0,0,0,0,0,1 ,0,0,0,0,0,0,0,0,0,0,0,0,0,0,0,0,0,0,0,0,0
Ono Academic College,0,0,0,0,0,0,0,0,0,0,0,0,0,0,0,0,0,0,0,0,0,0,0,0,0,0,0,0,1 
"Oulu, University of",0,0,0,0,0,0,0,0,0,0,0,0,0,0,0,0,0,0,0,0,0,0,0,0,0,0,0,0,1 
"Padova, University of",0,0,0,0,0,0,0,0,0,0,0,0,0,0,0,0,0,0,0,0,0,0,0,0,0,0,0,1 ,0
"Pais Vasco, Universidad del",0,0,0,0,1 ,0,0,0,0,0,0,0,0,0,0,0,0,0,0,0,0,0,0,0,0,0,0,0,0
"Paris Jussieu, Universite",0,1 ,0,0,0,0,0,0,0,0,0,0,0,0,0,0,0,0,0,0,0,0,0,0,0,0,0,0,0
Paris School of Economics,0,0,0,0,0,0,0,0,0,0,0,0,0,0,0,0,0,0,0,0,0,0,1 ,0,0,0,0,0,0
Pavol Jozef Safarik University (Kosice),0,0,0,0,0,0,0,0,0,0,0,0,0,0,0,0,0,0,0,0,0,0,0,0,0,0,0,0,1 
Politecnico di Milano,0,0,0,0,0,0,0,0,0,0,0,0,0,0,0,0,0,0,0,0,0,0,0,0,0,1 ,0,0,0
PSL Research University,0,0,0,0,0,0,0,0,0,0,0,0,0,0,0,0,0,0,0,0,0,0,0,0,0,0,0,0,1 
"Puerto Rico, U of ",0,0,0,0,0,0,0,0,0,0,0,0,0,0,0,0,0,0,0,1 ,0,0,0,0,0,0,0,0,0
Radboud University,0,0,0,0,0,0,0,0,0,0,0,0,0,0,0,0,0,0,0,0,0,0,0,0,0,0,0,0,1 
Regina U. of - Canada,0,0,0,0,0,0,0,0,0,0,0,0,0,0,0,0,0,0,0,0,0,0,0,0,0,0,0,1 ,0
Reykjavik University,0,0,0,0,0,0,0,0,0,0,0,0,0,0,0,0,0,0,0,0,0,1 ,0,0,0,0,0,0,0
Ritsumeikan U,0,0,0,0,0,0,0,0,0,0,0,0,0,0,0,0,0,0,0,0,0,0,0,1 ,0,0,0,0,0
Roger Williams University,0,0,0,0,0,0,0,0,0,0,0,0,0,0,0,0,0,1 ,0,0,0,0,0,0,0,0,0,0,0
Rowan University,0,0,0,0,0,0,0,0,0,1 ,0,0,0,0,0,0,0,0,0,0,0,0,0,0,0,0,0,0,0
Sabanci University,0,0,0,0,0,0,0,0,0,0,0,0,0,0,0,0,0,0,0,0,0,0,0,1 ,0,0,0,0,0
Saint Mary’s University,0,0,0,0,0,0,0,0,0,1 ,0,0,0,0,0,0,0,0,0,0,0,0,0,0,0,0,0,0,0
Sam Houston State University,0,0,0,0,1 ,0,0,0,0,0,0,0,0,0,0,0,0,0,0,0,0,0,0,0,0,0,0,0,0
"Sao Paulo, University of ",0,0,0,0,0,0,0,0,0,0,0,0,0,0,0,0,0,0,0,0,0,0,0,0,0,0,0,1 ,0
SciencesPo,0,0,0,0,0,0,0,0,0,0,0,0,0,0,0,0,0,0,0,0,0,0,0,0,0,0,0,0,1 
Seattle University,0,0,0,1 ,0,0,0,0,0,0,0,0,0,0,0,0,0,0,0,0,0,0,0,0,0,0,0,0,0
"Seoul City U., Seoul, S.K.",0,0,0,0,0,0,1 ,0,0,0,0,0,0,0,0,0,0,0,0,0,0,0,0,0,0,0,0,0,0
Shandong U,0,0,0,0,0,0,0,0,0,0,0,0,0,0,0,0,0,0,0,0,0,0,0,1 ,0,0,0,0,0
Shanghai Lixin University,0,0,0,0,0,0,0,0,0,0,0,0,0,0,0,0,0,0,0,0,0,0,0,0,0,0,1 ,0,0
"Sheffield, University of",0,0,0,0,0,0,0,0,0,0,0,0,0,0,0,0,1 ,0,0,0,0,0,0,0,0,0,0,0,0
SKEMA Business School,0,0,0,0,0,0,0,0,0,0,0,0,0,0,0,0,0,0,0,0,0,0,0,1 ,0,0,0,0,0
Sookmyung Women’s University,0,0,0,0,0,0,0,0,0,0,0,1 ,0,0,0,0,0,0,0,0,0,0,0,0,0,0,0,0,0
"South Alabama, University of",0,0,0,1 ,0,0,0,0,0,0,0,0,0,0,0,0,0,0,0,0,0,0,0,0,0,0,0,0,0
"Southampton, U of",0,0,0,0,0,0,0,0,0,0,0,0,0,0,0,0,0,0,0,0,0,0,0,0,0,1 ,0,0,0
Southern Illinois University - Carbondale,0,0,0,0,0,0,0,0,0,0,0,0,0,0,0,0,0,0,0,0,0,1 ,0,0,0,0,0,0,0
"Southern Maine, University of",0,0,0,0,0,1 ,0,0,0,0,0,0,0,0,0,0,0,0,0,0,0,0,0,0,0,0,0,0,0
Southwest Missouri State University,0,0,0,1 ,0,0,0,0,0,0,0,0,0,0,0,0,0,0,0,0,0,0,0,0,0,0,0,0,0
Southwest Texas State U.,0,0,0,0,0,0,0,0,1 ,0,0,0,0,0,0,0,0,0,0,0,0,0,0,0,0,0,0,0,0
"St. Andrews, University of",0,0,0,0,0,0,0,0,0,0,0,0,0,0,0,0,0,0,0,0,0,0,0,0,0,0,0,0,1 
State U. of New York (SUNY) - Oswego,0,0,0,0,0,0,0,0,0,0,0,0,0,0,0,0,0,0,0,0,1 ,0,0,0,0,0,0,0,0
State U. of New York (SUY) - Brockport,0,0,0,0,0,0,0,0,0,0,0,0,0,0,0,0,0,0,0,0,0,0,0,0,0,1 ,0,0,0
State U. of NY (SUNY) - Binghamton,0,0,0,0,0,0,0,0,0,0,0,0,0,0,0,0,0,0,0,0,0,0,0,0,0,0,0,0,1 
State University of West Georgia,0,0,0,0,0,0,0,0,0,0,0,0,1 ,0,0,0,0,0,0,0,0,0,0,0,0,0,0,0,0
Stephen F. Austin State University,0,0,0,0,0,0,1 ,0,0,0,0,0,0,0,0,0,0,0,0,0,0,0,0,0,0,0,0,0,0
"Stirling, U of",0,0,0,0,0,0,0,0,0,0,0,0,0,0,0,0,0,0,0,0,0,0,0,0,1 ,0,0,0,0
Stonehill College,0,0,0,0,0,0,0,0,1 ,0,0,0,0,0,0,0,0,0,0,0,0,0,0,0,0,0,0,0,0
Stony Brook University,0,0,0,0,0,0,0,0,0,0,0,0,0,0,0,0,0,1 ,0,0,0,0,0,0,0,0,0,0,0
Sun Yat-sen University,0,0,0,0,0,0,0,0,0,0,0,0,0,0,0,0,0,0,0,0,0,0,0,0,0,1 ,0,0,0
Swedish School of Econ & BA,0,0,0,0,0,0,0,0,1 ,0,0,0,0,0,0,0,0,0,0,0,0,0,0,0,0,0,0,0,0
Swiss Federal Institute of Technology,0,0,0,0,0,0,0,0,0,0,0,0,0,0,0,0,0,0,0,0,0,0,0,0,0,0,0,1 ,0
Technical University Munich,0,0,0,0,0,0,0,0,0,0,0,0,0,0,0,0,0,0,0,0,0,0,0,0,0,0,0,1 ,0
Technische Universitat Munchen (TUM),0,0,0,0,0,0,0,0,0,0,0,0,0,0,0,0,0,0,0,0,0,0,0,0,0,0,1 ,0,0
"Tennessee, U. of - Chattanooga",0,0,1 ,0,0,0,0,0,0,0,0,0,0,0,0,0,0,0,0,0,0,0,0,0,0,0,0,0,0
Thammasat U,0,0,0,0,0,0,0,0,0,0,0,0,0,0,0,0,0,0,0,0,0,0,0,0,0,0,1 ,0,0
"Toledo, University of",0,0,1 ,0,0,0,0,0,0,0,0,0,0,0,0,0,0,0,0,0,0,0,0,0,0,0,0,0,0
Union College,0,0,0,0,0,0,0,0,0,0,0,0,0,0,0,1 ,0,0,0,0,0,0,0,0,0,0,0,0,0
Universidad Austral,0,0,0,0,0,0,0,0,0,0,0,0,0,0,0,0,0,1 ,0,0,0,0,0,0,0,0,0,0,0
Universidad de Costa Rica,0,0,0,0,0,0,0,0,0,0,0,0,0,0,1 ,0,0,0,0,0,0,0,0,0,0,0,0,0,0
Universidad de Piura,0,0,0,0,0,0,0,0,0,0,0,0,0,0,0,0,0,0,0,0,0,0,0,0,0,0,0,1 ,0
Universidade Tecnica de Lisboa,0,0,0,0,0,0,0,0,0,0,0,0,0,0,0,0,0,0,0,0,0,1 ,0,0,0,0,0,0,0
Universita & apos di Sassari,0,0,0,0,0,0,0,0,0,0,1 ,0,0,0,0,0,0,0,0,0,0,0,0,0,0,0,0,0,0
Universita degli Studi di Torino,0,0,0,0,0,0,0,0,0,0,0,1 ,0,0,0,0,0,0,0,0,0,0,0,0,0,0,0,0,0
Universita di Venezia,0,0,0,0,0,0,0,0,0,0,0,0,0,0,0,0,0,0,0,0,0,0,0,0,0,0,0,1 ,0
Universitat Rheinische,0,0,0,0,0,0,0,1 ,0,0,0,0,0,0,0,0,0,0,0,0,0,0,0,0,0,0,0,0,0
Universitat Rovira I Virgile,0,0,0,0,0,0,0,0,0,0,0,0,1 ,0,0,0,0,0,0,0,0,0,0,0,0,0,0,0,0
Universite de Cergy-Pontoise,0,0,0,0,0,0,0,0,0,0,0,0,0,0,0,0,0,0,0,0,0,0,0,0,1 ,0,0,0,0
Universite de Lyon,0,0,0,0,0,0,0,0,0,0,0,0,0,0,0,0,0,0,0,0,0,0,1 ,0,0,0,0,0,0
Universite de Nancy,0,0,0,0,0,0,0,0,0,0,0,0,0,0,0,0,0,0,0,0,0,0,1 ,0,0,0,0,0,0
Universite de Nice,0,0,0,0,0,0,0,0,0,0,0,1 ,0,0,0,0,0,0,0,0,0,0,0,0,0,0,0,0,0
Université Montesquieu—Bordeaux IV,0,0,0,0,0,0,0,0,0,0,0,0,0,0,0,0,0,0,1 ,0,0,0,0,0,0,0,0,0,0
University College London,0,0,0,0,0,0,0,0,0,0,0,0,0,0,0,0,0,0,0,0,0,0,0,0,0,0,0,1 ,0
University College of the Fraser Valley ,0,0,0,0,0,0,0,0,0,0,0,0,0,0,0,1 ,0,0,0,0,0,0,0,0,0,0,0,0,0
University of Arkansas,0,0,0,0,0,0,0,0,0,0,0,0,0,0,0,0,0,0,0,0,0,0,0,0,0,0,1 ,0,0
University of Bonn,0,0,0,0,0,0,0,0,0,0,0,0,0,0,0,0,0,0,0,0,0,0,0,0,0,0,1 ,0,0
"University of California, Berkeley",0,0,0,0,0,0,0,0,0,0,0,0,0,0,0,0,0,0,0,0,0,0,0,0,0,0,1 ,0,0
University of Florida ,0,0,0,0,0,0,0,0,0,0,0,0,0,0,0,0,0,0,0,0,0,0,0,0,0,0,1 ,0,0
University of Freiburg,0,0,0,0,0,0,0,0,0,0,0,0,0,0,0,0,0,0,1 ,0,0,0,0,0,0,0,0,0,0
University of Georgia,0,0,0,0,0,0,0,0,0,0,0,0,0,0,0,0,0,0,0,0,0,0,0,0,0,0,1 ,0,0
University of Gothenburg (2),0,0,0,0,0,0,0,0,0,0,0,0,0,0,0,0,0,0,0,0,0,0,0,0,0,0,0,1 ,0
University of Mannheim,0,0,0,0,0,0,0,0,0,0,0,0,0,0,0,0,0,0,0,0,0,0,0,0,0,0,1 ,0,0
University of Minnesota,0,0,0,0,0,0,0,0,0,0,0,0,0,0,0,0,0,0,0,0,0,0,0,0,0,0,1 ,0,0
University of Missouri,0,0,0,0,0,0,0,0,0,0,0,0,0,0,0,0,0,0,0,0,0,0,0,0,0,0,1 ,0,0
University of Naples Frederico II-DO NOT USE,0,0,0,0,0,0,0,0,0,0,0,0,0,0,0,0,0,0,0,0,0,0,1 ,0,0,0,0,0,0
University of Ontario Institute of Technology,0,0,0,0,0,0,0,0,0,0,0,0,0,0,0,0,0,0,0,0,0,0,0,0,1 ,0,0,0,0
"University of Reading, U.K.",0,0,0,0,0,0,0,0,0,0,1 ,0,0,0,0,0,0,0,0,0,0,0,0,0,0,0,0,0,0
University of Stavanger ,0,0,0,0,0,0,0,0,0,0,0,0,0,0,0,0,0,0,0,0,0,1 ,0,0,0,0,0,0,0
University of Surrey,0,0,0,0,0,0,0,0,0,0,0,0,0,0,0,0,0,0,0,0,0,0,1 ,0,0,0,0,0,0
University of Vienna,0,0,0,0,0,0,0,0,0,0,0,0,0,0,0,0,0,0,0,0,1 ,0,0,0,0,0,0,0,0
University of Washington,0,0,0,0,0,0,0,0,0,0,0,0,0,0,0,0,0,0,0,0,0,0,0,0,0,0,1 ,0,0
University of Zurich,0,0,0,0,0,0,0,0,0,0,0,0,0,0,0,0,0,0,0,0,0,0,0,0,0,0,0,0,1 
Utah State University,0,0,0,0,0,0,0,0,0,0,0,0,0,0,0,0,0,0,0,0,0,0,0,0,0,0,1 ,0,0
Utrecht University,0,0,0,0,0,0,0,0,0,0,0,0,0,0,0,0,0,0,0,0,0,0,0,0,0,0,0,0,1 
"Vaasa, University of, Finland",0,0,0,0,0,0,0,0,0,0,0,0,0,0,0,0,0,0,0,0,1 ,0,0,0,0,0,0,0,0
"Vermont, University of",0,0,1 ,0,0,0,0,0,0,0,0,0,0,0,0,0,0,0,0,0,0,0,0,0,0,0,0,0,0
"Victoria, U. of - B.C.",0,0,0,0,0,0,0,0,0,0,0,0,0,0,0,0,0,0,0,0,1 ,0,0,0,0,0,0,0,0
Vienna University of Technology,0,0,0,0,0,0,0,0,0,0,0,0,0,0,0,0,0,0,0,0,0,0,1 ,0,0,0,0,0,0
Vilnius University ,0,0,0,0,0,0,0,0,0,0,0,0,0,0,0,0,0,0,0,0,0,0,0,0,0,0,0,0,1 
Vytautas Magnus University (Kaunas),0,0,0,0,0,0,0,1 ,0,0,0,0,0,0,0,0,0,0,0,0,0,0,0,0,0,0,0,0,0
Washington State U. Vancouver,0,0,0,0,0,0,0,0,0,0,0,0,0,0,0,0,0,0,0,0,1 ,0,0,0,0,0,0,0,0
Wellesley College,0,0,0,0,0,0,0,0,0,0,0,0,0,0,0,0,0,0,0,0,0,0,0,0,1 ,0,0,0,0
Western Michigan U.,0,0,0,0,0,0,0,0,0,0,0,0,0,0,1 ,0,0,0,0,0,0,0,0,0,0,0,0,0,0
Western Washington University,0,0,0,0,0,0,0,0,0,0,0,0,0,0,0,0,0,0,0,0,0,0,0,0,0,0,0,1 ,0
"Windsor, University of",0,0,1 ,0,0,0,0,0,0,0,0,0,0,0,0,0,0,0,0,0,0,0,0,0,0,0,0,0,0
"Wisconsin, U. of - La Crosse",1 ,0,0,0,0,0,0,0,0,0,0,0,0,0,0,0,0,0,0,0,0,0,0,0,0,0,0,0,0
"Wisconsin, U. of - Whitewater",0,0,0,0,0,0,0,0,1 ,0,0,0,0,0,0,0,0,0,0,0,0,0,0,0,0,0,0,0,0
Worcester Polytechnic Institute,0,0,0,0,0,0,0,0,0,0,0,0,0,0,0,0,0,0,0,0,0,0,1 ,0,0,0,0,0,0
Xian Jiaotong-Liverpool University,0,0,0,0,0,0,0,0,0,0,0,0,0,0,0,0,0,0,0,0,0,0,0,0,0,0,0,1 ,0
Yerevan State U,0,0,0,0,0,0,0,0,0,0,0,0,0,0,0,0,0,0,0,0,0,0,0,0,0,0,0,0,1 
Yeshiva University,0,0,0,0,0,0,0,0,0,0,0,0,0,0,0,0,0,0,0,0,0,0,0,0,0,0,0,1 ,0
Zayed University,0,0,0,0,0,0,0,0,0,0,0,0,0,0,0,0,0,0,0,0,0,0,0,0,0,1 ,0,0,0